id,reason,title,reading,meaning_vi,raw_sample
N2-vocab-0246,title_not_contiguous_in_raw_pdf_split,日差し,ひざし,,ひ / ざ / 意味 / 太陽の光のこと / 日差 / し
N2-vocab-0390,title_not_contiguous_in_raw_pdf_split,便・便,びんべん,Phương tiện vận chuyển/ Tiện ích,びん / 意味 / 便 / :人や物を運ぶこと・またその手段 / ポイント / 人を動かす交通機関 / びん / べん / 物を送る手段 / 便 / ・便 / べん / 便 / :場合、具合 / 交通の便がいい、悪い / ・ 「3 時の便で、ハノイからホーチミンに / 例文 / Phương tiện / いく予定です」 / vận chuyển/ / ・ ここは交通の便がいい。バスも、電車もここ / Tiện ích / を通る。 / →交通の便
N2-vocab-0404,title_not_contiguous_in_raw_pdf_split,(銀行)口座,ぎんこうこうざ,Tài khoản (ngân hàng),意味 / お金を銀行に預けるために自分の貯金箱をつくること / ぎんこう / こうざ / ポイント / _開設 / (銀行 / )口座 / _を持つ / Tài khoản (ngân hàng) / 例文 / ・お給料を振り込むので銀行口座を教えて下さい。
N2-vocab-0414,title_not_contiguous_in_raw_pdf_split,眺める,ながめる,"Nhìn, ngắm","なが / 意味 / いい景色、絵、人をゆっくり見ること / 眺 / める / ・ 海を眺めていると心が落ち着く。 / 例文 / Nhìn, ngắm / ・ 窓からの眺めがいいホテル"
N2-vocab-0415,title_not_contiguous_in_raw_pdf_split,感心する,かんしんする,Ngưỡng mộ,・ 窓からの眺めがいいホテル / 意味 / すごいこと、悲しいこと+感動 / かんしん / 感心 / する / ・ 毎日朝早くきて仕事の準備や掃除をしている / 例文 / Ngưỡng mộ / なんて。本当に感心しました。
N2-vocab-0417,title_not_contiguous_in_raw_pdf_split,尽きる,つきる,Cạn kiệt,すべて発揮してできました。 / つ / 意味 / 少しずつ減って、すべてなくなること / 尽 / きる / ちょきん / 例文 / ・ 今月は旅行に行きすぎて貯金 / が尽きてしまい / Cạn kiệt / そうだ。 / ・ 話が尽きない〜
N2-vocab-0418,title_not_contiguous_in_raw_pdf_split,相次ぐ,あいつぐ,Liên tục/Nối tiếp,・ 話が尽きない〜 / あいつ / 意味 / 続いて起こる / 相次 / ぐ / とうさん / 例文 / Liên tục/Nối tiếp / ・コロナによって会社の倒産 / が相次いでいる。
N2-vocab-0422,title_not_contiguous_in_raw_pdf_split,縮む,ちぢむ,Co lại/ Rút ngắn,・ 来週は日程がぎっしり詰まっている / 意味 / ➀ 中身が減ったりして、小さくなること。 / ➁ 期間・時間・体が短くなる / ちぢ / ポイント / 縮 / む / セーター/風船...が__ / 背/納期が__ / Co lại/ / 例文 / ・洗濯したらセーターが縮んでしまった。 / Rút ngắn / ・年を取ると背が縮んでくる。
N2-vocab-0423,title_not_contiguous_in_raw_pdf_split,叶う,かなう,Trở thành sự thực,意味 / 願っていたことがその通りになること / かの / 叶 / う / ポイント / 願い/夢が__ / ・ プロサッカー選手になるという夢が24 歳で / 例文 / Trở thành sự thực / 叶った。
N2-vocab-0424,title_not_contiguous_in_raw_pdf_split,追う,おう,"Đuổi, đuổi theo","意味 / 先にあるものをついていくこと / お / 人の後を__ / 追 / う / 人、理想、夢を__ / ・ 学生達は走って先生の後を追った。 / 例文 / Đuổi, đuổi theo / ・ 私はいくつになっても理想を追い続けたい。 / 関連語彙 / 類: 人を追いかける: Theo đuổi... / 幸せ、夢、理想を追求する: Theo đuổi..."
N2-vocab-0425,title_not_contiguous_in_raw_pdf_split,俯く,うつむく,Cúi đầu,幸せ、夢、理想を追求する: Theo đuổi... / 意味 / 首を少し曲げて頭を下げること / うつむ / 俯 / く / すみ / 例文 / Cúi đầu / ・ 教室の隅 / に知らない女の人がうつむいて / 立っていた。
N2-vocab-0429,title_not_contiguous_in_raw_pdf_split,終える,おえる,"Hoàn thành, kết thúc","お / 意味 / その時まで続けていたことを完了してやめること。 / 終 / える / ・ 今日は6 時までに仕事を終えて退社する / 例文 / Hoàn thành, / つもりだ。 / kết thúc / しょうがい / ・ 祖父は家族に見守られて90 年の生涯 / を終えた。"
N2-vocab-0430,title_not_contiguous_in_raw_pdf_split,偏る,かたよる,"Nghiêng, thiếu/ Thiên về/ Lệch lạc","1 正しい状態からずれていること / 意味 / かたよ / 偏 / る / ポイント / 栄養が__ / ・ 栄養が偏っている理由はインスタント食品ばかり / 例文 / Nghiêng, thiếu/ / 食べるからです。 / Thiên về/ / Lệch lạc / 意味 / 2 正しい状態からずれていること / ポイン / 栄養が、意見が__ / ・ 偏った食習慣を改善しましょう / 例文 / 意味 / 3 極端 / ポイン / 偏った"
N2-vocab-0432,title_not_contiguous_in_raw_pdf_split,目指す,めざす,Nhắm đến,意味 / いい意見や方法が選ばれること / め / ざ / ポイント / 歌手/医者を__ / 目指 / す / 売上50万を__ / Nhắm đến / ・メネージャーを目指して日々頑張っている / 例文
N2-vocab-0436,title_not_contiguous_in_raw_pdf_split,甘やかす,あまやかす,Nuông chiều,→ 問題に当たる / 意味 / 厳しくせずに、わがままにさせておくこと / あま / 甘 / やかす / ポイント / ある人を__(よくない意味) / ・ あの夫婦はこどもにお菓子をあげたり、遊んだり / Nuông chiều / 例文 / 甘やかしてばかりだ。
N2-vocab-0442,title_not_contiguous_in_raw_pdf_split,悔やむ,くやむ,"Hối hận, tiếc nuối","意味 / 自分で言ったこと・したことを後悔すること / く / 悔 / やむ / ポイント / 書き言葉 / 例文 / ・過ぎたことを今さら悔やんでもしょうがない。 / Hối hận, tiếc nuối"
N2-vocab-0444,title_not_contiguous_in_raw_pdf_split,略す,りゃくす,"Lược bỏ, viết tắt","意味 / 短く簡単にする / りゃく / 略 / す / ポイント / 単語、説明を__ / Lược bỏ, viết tắt / 例文 / ・国際連合を略して「国連」と言う。 / 使い分け / け / • / す: Xóa / 消 / りゃく / • / す:⻑い文字を短くする / 略"
N2-vocab-0445,title_not_contiguous_in_raw_pdf_split,覆う,おおう,Che phủ,• / す:⻑い文字を短くする / 略 / かく / かぶ / おお / 意味 / 隠 / すようになにかを被 / せる / 覆 / う / 例文 / ・テーブルをテーブルクロスで覆った。 / Che phủ / ・事故現場は目を覆いたくなるような、 / ひどい状態だった。
N2-vocab-0452,title_not_contiguous_in_raw_pdf_split,構う,かまう,"Quan tâm đến/ Để tâm, để ý","かま / 意味 / 1 気にする / 構 / う / ・ 「ちょっと用事で遅れますから、私に構わないで / 例文 / 会議を始めていてください」 / ・ ささいなことに構っていては、ものごとが / 進まない。 / Quan tâm đến/ / Để tâm, để ý / ポイント / 2 (お願いに対し)大丈夫です / 上司には ✘ / 「大丈夫です、どうぞ」○ / ・ 「このコピー機を使ってもいいですか」 / 「はい、"
N2-vocab-0454,title_not_contiguous_in_raw_pdf_split,潜る,もぐる,"Lặn, chui xuống","意味 / 全身(場所)に入ること / もぐ / 潜 / る / ポイント / (海/こたつ)にもぐる / Lặn, chui xuống / ・ 海に潜って貝や魚を捕ることができる。 / 例文"
N2-vocab-0455,title_not_contiguous_in_raw_pdf_split,埋まる,うまる,Bị vùi lấp/ Bị lấp đầy,1 (主に土)何かに覆われる / 意味 / う / 埋 / まる / 例文 / ・山が崩れて家がうまってしまった。 / 2 (日程、場所の)すきまがなくいっぱいにする / Bị vùi lấp/ / ・ 日程がぎっしり埋まっている / Bị lấp đầy / ・ 予約したかったが全席が埋まっていた
N2-vocab-0457,title_not_contiguous_in_raw_pdf_split,挟む,はさむ,"Kẹp vào, chèn vào/ Chen ngang","はさ / 意味 / 1 物と物の間に入れること / 挟 / む / 例文 / ・パンにハムと卵をはさむ。 / Kẹp vào, chèn vào/ / 2 何かをしている途中に別のものを入れること / Chen ngang / ・ 彼はすぐ人の話にはさむ。"
N2-vocab-0460,title_not_contiguous_in_raw_pdf_split,添える,そえる,"Thêm vào, kèm theo","そ / 意味 / メインの物のそばにサブとしてつけること / 添 / える / Thêm vào, kèm theo / 例文 / ・花束に(手紙/カード)を添えて贈る。"
N2-vocab-0461,title_not_contiguous_in_raw_pdf_split,散らかる,ちらかる,"Vương vãi, bừa bộn","Kiến thức / 物があちこちに広がって、汚い状態 / 意味 / ち / ポイント / だいたい / 散 / らかる / 「ている形」を使う / ・兄の部屋はいつも散らかってる。 / 例文 / Ø 他:散らかす / Vương vãi, bừa bộn / ・ 部屋を掃除しても、子どもがすぐに / 本やおもちゃを散らかしてしまう。"
N2-vocab-0462,title_not_contiguous_in_raw_pdf_split,抱える,かかえる,"Ôm, cầm trong tay/ Đối mặt với","1 落ちないように腕を回して持つこと / 意味 / かか / ポイント / 物、仕事を__ / 抱 / える / ・ 両手いっぱいにチョコを抱えている / 例文 / Ôm, cầm trong tay/ / 2 責任、問題を持つ / Đối mặt với / 仕事/悩み/問題...を__ / ・ 抱えている仕事が多い"
N2-vocab-0463,title_not_contiguous_in_raw_pdf_split,揃う,そろう,"Tập trung (Đầy đủ)/ Đồng bộ, thống nhất","1 足りなかった人、物が集まる / 意味 / そろ / 揃 / う / ・「全員がそろったので、出発しましょう」 / 例文 / 2 違うものを、全部を同じく合わせる / Tập trung (Đầy đủ)/ / Đồng bộ, thống nhất / ・ カーテンとカーペットの色がそろっていると、 / 部屋がきれいに見える。 / ・ みんなの意見がなかなかそろわない。 / 関連語彙 / 他: 揃える / 例文:"
N2-vocab-0465,title_not_contiguous_in_raw_pdf_split,隠れる,かくれる,"Trốn, ẩn náu","見えないようにすること / 意味 / かく / 隠 / れる / ・逃げた犯人は空き家に隠れていた。 / 例文 / Trốn, ẩn náu / 関連語彙 / 他: 隠す(Che,Giấu) / • / 例文: / → お金を引き出しの奥に隠した。 / → 風が強いので彼女のスカートがめくれたが、すぐ顔を隠してしまった。 / 見ればよかったー。"
N2-vocab-0468,title_not_contiguous_in_raw_pdf_split,似る,にる,Giống,に / ほとんど同じこと / 意味 / 似 / る / ・ 彼女は母親に目がよく似ている。 / 例文 / ・ 「違う」と「異なる」は言葉の意味が似ている / Giống
N2-vocab-0469,title_not_contiguous_in_raw_pdf_split,崩れる,くずれる,"Đổ vỡ, đổ nhào/ Phá (tiền chẵn → lẻ, đội hình)","1 大きくまとまった形をし、安定していた / 意味 / くず / ものが、支える力を失ってこわれる / 崩 / れる / Đổ vỡ, đổ nhào/ / ・ 大雨で山が崩れた。 / 例文 / Phá (tiền chẵn → lẻ, / きず / しんらい / いっしゅん / ・ ある出来事で、今まで築 / で / いてきた信頼 / が一瞬 / đội hình) / 崩れた / 2 大きいお金を細かいお金に交換する / 関連語彙 / "
N2-vocab-0470,title_not_contiguous_in_raw_pdf_split,睨む,にらむ,Lườm,にら / 怖い目つきで見ること / 意味 / 睨 / む / ミーティングで資料を間違えた時、 / 例文 / Lườm / 課⻑から睨まれた気がした...
N2-vocab-0471,title_not_contiguous_in_raw_pdf_split,屈む,かがむ,"Khom lưng, cúi gập người","Kiến thức / かか / 意味 / 腰や足を曲げて姿勢を低くすること / 屈 / む / 例文 / ・「後ろの背景が見えないので、少しかがんで / Khom lưng, cúi gập / もらえますか。あ!いい感じです。」 / người / くっしん / Ø 類:屈伸"
N2-vocab-0478,title_not_contiguous_in_raw_pdf_split,扱う,あつかう,"Thao tác/ Xử lý, bán/ Đối phó, giải quyết","あつか / 意味 / 1 試合、会場から出て行くこと / 扱 / う / ・ これは壊れやすいので、丁寧に扱ってください。 / 例文 / 2 仕事として処理する / Thao tác/ / ・ うちの会社では主にベトナム食品を / Xử lý, bán/ / 扱っています。 / Đối phó, giải quyết / 3 ある身分・役割・状態を決めて接すること / ・ 高校生からはこどもとしてではなく大人とし"
N2-vocab-0480,title_not_contiguous_in_raw_pdf_split,恵まれる,めぐまれる,Được ban cho,意味 / いいもの、環境を与えられる / めぐ / ポイント / いい家族/天気/環境に__ / 恵 / まれる / Được ban cho / 例文 / ・いい仲間に恵まれていて幸せだな〜
N2-vocab-0489,title_not_contiguous_in_raw_pdf_split,依頼する,いらいする,Nhờ vả,意味 / 人に仕事を丁寧に頼むこと / いらい / 依頼 / する / 例文 / ・お客さんとの信頼関係を築くために安い案件 / ではあるものの、依頼を引き受けた。 / Nhờ vả
N2-vocab-0492,title_not_contiguous_in_raw_pdf_split,威張る,いばる,"Ba hoa, khoác lác","意味 / えらそうにすること / い / ば / 威張 / る / ポイント / 他人を批判する時に使う / 例文 / ・課⻑は仕事はできるけど、いつも威張っているので / Ba hoa, khoác lác / 好きになれない。"
N2-vocab-0494,title_not_contiguous_in_raw_pdf_split,一致する,いっちする,"Giống nhau, thống nhất","いっち / 意味 / 2つ以上のもとがぴったり1つになる / 一致 / する / 100%同じこと / 意見と行動が__ / Giống nhau, / 二人の意見が__ / thống nhất / ・ 彼女は言っていることとしていることが一致して / 例文 / いない。 / ・ 性格の不一致 / ・ 言動の不一致"
N2-vocab-0496,title_not_contiguous_in_raw_pdf_split,参る,まいる,"Đi, viếng thăm (khiêm nhường ngữ)/ Thua, đầu hàng","まい / 意味 / 1 行きますの謙譲語 / 参 / る / ・ 明日、お宅へまいります。 / 例文 / →行きます / ・ 「クイズ番組で」 / では次の問題に参ります! / ご覧の図を見て答えてください。 / Đi, viếng thăm (khiêm / nhường ngữ)/ / 2 負けること・降参すること / Thua, đầu hàng / ・ もう勝てません。参りました。 / →負けました。 / Ø 会話で"
N2-vocab-0501,title_not_contiguous_in_raw_pdf_split,済ます,すます,Hoàn tất,"Kiến thức / 意味 / しなければならないことを完了すること / す / 済 / ます / 仕事・用事を__ / 例文 / ・(光熱費・電気代)の支払いを済ませる。 / Hoàn tất / ・ 今の仕事を済ましてからそちらへ向かいます。 / 30 分後になりそうです。 / 関連語彙 / 連: / • / で済む (Cũng xong, cũng được) / 例文:今日の昼食は{300 円/パン}ですませた"
N2-vocab-0502,title_not_contiguous_in_raw_pdf_split,怠ける,なまける,"Làm biếng, lười","例文:今日は暖かいから、コートを着ないですんだ。 / なま / 意味 / やる気がなくて頑張らない。 / 怠 / ける / Làm biếng, lười / ・最近勉強、なまけてるんじゃない? / 例文 / ・そんなに怠けていると、後で後悔するよ! / なまけもの / Ø 類:怠け者"
N2-vocab-0503,title_not_contiguous_in_raw_pdf_split,調整する,ちょうせいする,Điều tiết,意味 / ある基準に合わせて、いい状態に変えること / ちょうせい / 調整 / する / ・ A:「水曜の午後3 時はご都合いかがですか?」 / 例文 / B:「3 日の15 時ですね。はい、スケジュールを / 調整してみます。」 / Điều tiết / ・ ちょっとうるさいからボリューム / 調整してくれない? / Ø ボリューム≒音量
N2-vocab-0504,title_not_contiguous_in_raw_pdf_split,貢献する,こうけんする,Cống hiến,こうけん / 意味 / あることに役立つように頑張ること / 貢献 / する / 例文 / ・彼のゴールはチームの勝利に大きく貢献しました。 / Cống hiến / ・ 会社の売上に貢献したいと考えております。
N2-vocab-0505,title_not_contiguous_in_raw_pdf_split,備える,そなえる,"Chuẩn bị, phòng bị","意味 / 不安をなくすために、準備する。 / そな / 備 / える / 災害、将来に+__ / Chuẩn bị, phòng bị / 例文 / ・災害に備えよう"
N2-vocab-0510,title_not_contiguous_in_raw_pdf_split,寛ぐ,くつろぐ,"Nghỉ ngơi, thư giãn","くつろ / 意味 / 心も体ものんびり、ゆっくりとして休むこと / 寛 / ぐ / 例文 / ・友達の家で自分の家のようにくつろぐ。 / Nghỉ ngơi, thư giãn"
N2-vocab-0511,title_not_contiguous_in_raw_pdf_split,儲ける,もうける,"Kiếm tiền, kiếm lời","Kiến thức / 意味 / 予想以上に大きな利益が出てお金を得ること / もう / 例文 / ・広告:「株で1億円儲けました! / 儲 / ける / みなさんも可能です!どうですか?」 / →そういう儲け話は怪しい100%詐欺 / Kiếm tiền, kiếm lời"
N2-vocab-0512,title_not_contiguous_in_raw_pdf_split,控える,ひかえる,"1. Kiềm chế, điều độ 2. Chờ đợi đến lượt Chuẩn bị, sắp","意味 / 1 度を越さないように、 / 分量・度数などを少なめにおさえる / ひか / 控 / える / 例文 / (お医者さんが患者に向かって) / ・ しばらくは体重管理をされたほうがいいので、 / 糖分は控えてください。 / 1. Kiềm chế, điều độ / 2. Chờ đợi đến lượt / Chuẩn bị, sắp / 意味 / 2 順番が来るまで、ある場所に居て待つ〜始まる / 前の"
N2-vocab-0514,title_not_contiguous_in_raw_pdf_split,改める,あらためる,"Làm lại/ Sửa đổi, cải thiện","しかし、成功したものは必ず努力している。 / あらた / 意味 / 1 新しくする / 改 / める / 例文 / ・ 会社の名前を「○○」から「△△」に改めた。 / Làm lại/ / Sửa đổi, cải thiện / 意味 / 2 もう一度〜をする / 例文 / ・ 「今日はお忙しいようですから、 / また日を改めてご相談に伺います」"
N2-vocab-0518,title_not_contiguous_in_raw_pdf_split,雇う,やとう,Thuê,"→負ける < 敗れる < 敗北する (丁寧度) / Thua, bị đánh bại / やと / 意味 / 採用する / 雇 / う / 例文 / Thuê / ・ ABC 会社の事務員として雇われることになった。"
N2-vocab-0519,title_not_contiguous_in_raw_pdf_split,恐れる,おそれる,"Lo sợ, e ngại","意味 / 危険を感じて不安になること / おそ / 恐 / れる / よくないことが起きると心配すること / 例文 / ・ 「失敗を恐れていては何もできないよ」 / Lo sợ, e ngại / 使い分け / おそ / 恐 / れる: 客観的冷静に見ている感じ。自分に直接危害が加えられない時。 / • / こわ / 怖 / がる: 主観的驚いてる危険なものが目の前に現れた感じ / •"
N2-vocab-0520,title_not_contiguous_in_raw_pdf_split,適する,てきする,Thích hợp,てき / 意味 / 目的・条件などによく合っていること / 適 / する / ポイント / 類:向く / 例文 / ・ 新しい会長には、田中さんが最も適している。 / Thích hợp
N2-vocab-0526,title_not_contiguous_in_raw_pdf_split,尋ねる,たずねる,"Chạm, tiếp xúc/ Hỏi","たず / 意味 / わからないことを人に聞くこと / 尋 / ねる / ポイント / 丁寧に質問する / 例文 / Chạm, tiếp xúc/ / ・ 「ちょっとお尋ねしたいのですが...」 / Hỏi / ポイント / 診療時間を聞く / 道を聞く / 例文 / A: 先日お尋ねした件ですが、うまくできますか。 / B: おかげさまで、順調に進んでいます。"
N2-vocab-0527,title_not_contiguous_in_raw_pdf_split,焦げる,こげる,"Bị cháy, cháy","B: おかげさまで、順調に進んでいます。 / こ / 意味 / 火や熱で焼けて、黒や茶色になること / 焦 / げる / ポイント / 料理の場面によく使う / 例文 / ・ お好み焼きがいい感じで焼けていると思って / Bị cháy, cháy / ひっくり返したら、真っ黒に焦げていた。"
N2-vocab-0529,title_not_contiguous_in_raw_pdf_split,広まる,ひろまる,Được lan truyền,量 / る: 重さなど / • / ひろ / 意味 / 広く行きわたること / 広 / まる / ポイント / 〜の技術/仏教/習慣/話が__ / 例文 / ・ そのうわさは1日で会社中に広まった。 / Được lan truyền / 関連語彙 / 他:を広める / ・ アイドルA さんの素晴らしさを、自分の手で『他国にも広めたい』 / → ≒有名にさせたい
N2-vocab-0534,title_not_contiguous_in_raw_pdf_split,暴れる,あばれる,"Quấy, làm rùm beng","あば / 意味 / 乱暴な行動をすること / 暴 / れる / 例文 / ・ お祭りで象が大暴れ...会場パニック!17 人負傷 / Quấy, làm rùm beng / ・ 弟は気が短く、子どものころは / いつも暴れて、よく物を壊したものだ。"
N2-vocab-0544,title_not_contiguous_in_raw_pdf_split,祈る,いのる,Cầu nguyện,例文 / ・ 礼儀正しい彼は上司にかわいがられている。 / いの / 意味 / 神様に対してお願いをすること / 祈 / る / 例文 / ・ 家族の健康を神さまに祈った。 / Cầu nguyện
N2-vocab-0550,title_not_contiguous_in_raw_pdf_split,恨む,うらむ,"Hận, căm ghét","意味 / 嫌なことをしてきた相手 / うら / 恨 / む / をにくく思い続けること / 例文 / ・ 私は今でも、私をいじめた同級生を恨んでいる。 / Hận, căm ghét"
N2-vocab-0557,title_not_contiguous_in_raw_pdf_split,脅かす,おどかす,Hù dọa,例文 / ・ やけどを負う。 / おど / 意味 / 1 味方だった人が敵になること / 脅 / かす / 例文 / ・ A:「今日、試験だよ」 / B:「えっ!」 / Hù dọa / A:「うそだよ」 / B:「なんだ、脅かさないでよ」 / 使い分け / おびや / ・脅 / かす:驚かせるという意味 / おど / ・脅 / す:脅迫するという意味
N2-vocab-0558,title_not_contiguous_in_raw_pdf_split,近寄る,ちかよる,"Tới gần, lại gần Tiếp cận, đến gần (để làm quen)","ちかよ / 意味 / 1 近くに寄ること / 近寄 / る / 例文 / ・ 物音がしたので窓に近寄って外を見た。 / Tới gần, lại gần / 意味 / Tiếp cận, đến gần (để / 2 仲良くなるようにすること / làm quen) / 例文 / ・ 最近彼女がきれいになった。 / 変な男が近寄らないように気をつけないと...。"
N2-vocab-0559,title_not_contiguous_in_raw_pdf_split,占める,しめる,Chiếm,変な男が近寄らないように気をつけないと...。 / し / 意味 / 全体の中である割合をもつこと / 占 / める / ポイント / 「%」とセットで使うことが多い / 例文 / ・ 60代が(~%)を占めている / Chiếm / ・ この会社の製品は、市場の8 割 / を( )いる。 / ・ 部屋の真ん中をベッドが占めている。
N2-vocab-0564,title_not_contiguous_in_raw_pdf_split,支える,ささえる,"Ủng hộ, chống đỡ","→ 普通とは少し違うこと(悪い意味) / ささ / 意味 / 倒れたり、落ちたりしないように抑えること / 支 / える / 例文 / ・ つえで体を支えて歩く。 / ・ 苦しいとき、支えてくれる大事な人 / Ủng hộ, chống đỡ"
N2-vocab-0565,title_not_contiguous_in_raw_pdf_split,頼る,たよる,Phụ thuộc,意味 / たよ / 頼んで助けにすること / 頼 / る / 例文 / ・ 学費を親に頼らず、自分で働いてなんとかする。 / Phụ thuộc
N2-vocab-0566,title_not_contiguous_in_raw_pdf_split,逆らう,さからう,Ngược lại/Chống đối,意味 / 1 自然の方向に従わないで、その反対方向 / さか / 逆 / らう / に進もうとすること / 例文 / ・ 風に逆らって走る。 / Ngược lại/Chống đối / 意味 / 2 目上の人の意見に従わないこと / ポイント / 目上の人に_ / 例文 / ・ 親に逆らって留学することにした。
N2-vocab-0567,title_not_contiguous_in_raw_pdf_split,捻る,ひねる,"1. Vặn 2. Vặn, xoay (cơ thể) 3. Vắt (óc)","ひね / 意味 / 1 指でつまんで回すこと / 捻 / る / ポイント / 蛇口を_ / 例文 / ・ 蛇口をひねるとオレンジジュースが出てきた。 / 1. Vặn / 2. Vặn, xoay (cơ thể) / 意味 / 2 体の一部の方向を変える / 3. Vắt (óc) / ポイント / 足首 / 例文 / ・ ジョギングしている時に足首を / ひねってしまった。 / ・ 首をひねる / 意味 / 3 わざと変わった考え方を"
N2-vocab-0568,title_not_contiguous_in_raw_pdf_split,静まる,しずまる,"Lắng xuống, dịu đi","しず / 意味 / 物音がやんで、静かになること / 静 / まる / 例文 / ・ 先生が入ってくると、教室がシーンと静まった。 / Lắng xuống, dịu đi"
N2-vocab-0570,title_not_contiguous_in_raw_pdf_split,憧れる,あこがれる,"Ngưỡng mộ, thần tượng 例文","あこが / 意味 / こんな風になりたい!と思うこと / 憧 / れる / ポイント / すごい人に_ / Ngưỡng mộ, thần tượng 例文 / ・ アイドルにあこがれる。 / ポイント / 住みたい、行きたい場所に_ / 例文 / ・ 子どものころ、田舎に住んでいた私は / 華やかな都会にあこがれていた。 / →華やかな:目立つ、明るく美しい"
N2-vocab-0572,title_not_contiguous_in_raw_pdf_split,設ける,もうける,1. Tạo ra,"意味 / 1 ある目的のために作り出す / もう / 設 / ける / ポイント / 〜のために窓口、事務所を_ / 例文 / ・ 児童福祉課では、親の悩みに応えるための / 1. Tạo ra / 相談窓口を設けている。 / 2. Trang bị, chuẩn bị / 意味 / 2 〜のために準備する、作る / 3. Thiết lập / ポイント / 場/機会/時間を_ / 例文 / ・ その話は詳しく聞きたいので、別"
N2-vocab-0576,title_not_contiguous_in_raw_pdf_split,呼び止める,よびとめる,Gọi lại,ほんとむかつく!」 / よ / と / 意味 / 声をかけて止まらせること / 呼 / び止 / める / 例文 / ・ 帰ろうとしたら、友達に呼び止められた。 / Gọi lại
N2-vocab-0577,title_not_contiguous_in_raw_pdf_split,仕上げる,しあげる,"Hoàn thiện, hoàn thành","意味 / 100%完成させること / し / あ / 仕上 / げる / ポイント / 主語が「人」 / 途中までできているものを完成させる / 例文 / ・ 「この仕事は月末までに仕上げてください」 / Hoàn thiện, hoàn thành / ・ 恋人にあげるマフラーがやっと仕上がった。"
N2-vocab-0578,title_not_contiguous_in_raw_pdf_split,割り込む,わりこむ,"Chen vào, xen ngang","わ / こ / 意味 / 無理に入り込むこと / 割 / り込 / む / ポイント / 列を_ / 例文 / Chen vào, xen ngang / ・ 並んでいたのに、急に割り込んできた。 / ポイント / 話の途中に_ / 例文 / ・ 私が話していると、いつも割り込んで / 自分の話をしてくる。"
N2-vocab-0579,title_not_contiguous_in_raw_pdf_split,差し支える,さしつかえる,"Gây cản trở, làm phiền","自分の話をしてくる。 / さ / つか / 意味 / 問題になる・迷惑になること / 差 / し支 / える / 例文 / ・ 差し支えなければ、お電話番号 / Gây cản trở, làm phiền / を教えていただけますか? / ・ ご迷惑でなければ、(私の)話を聞いていただけ / ますか。"
N2-vocab-0580,title_not_contiguous_in_raw_pdf_split,買い占める,かいしめる,Mua hết,か / し / 意味 / ある物を1人で全部買うこと / 買 / い占 / める / 例文 / ・ スーパーにあるHaohao を全部買い占めた。 / Mua hết
N2-vocab-0581,title_not_contiguous_in_raw_pdf_split,思い切る,おもいきる,Quyết định,Kiến thức / 意味 / 考えていたことを決めて、覚悟をすること / おも / き / 思 / い切 / る / ポイント / 大きなことを決める時によく使う / 思い切って〜する / 例文 / ・ 10年間伸ばした髪を思い切って短く切ること / Quyết định / にした。
N2-vocab-0582,title_not_contiguous_in_raw_pdf_split,振り向く,ふりむく,"Ngoảnh mặt, quay lại","意味 / 振り返って見ること / ふ / む / 振 / り向 / く / ポイント / ふ / かえ / ≒振 / り返 / る (過去を+振り返る≒思い出す) / 例文 / ・ 名前を呼ばれて振り向いた。 / Ngoảnh mặt, quay lại"
N2-vocab-0583,title_not_contiguous_in_raw_pdf_split,思いつく,おもいつく,Nghĩ ra,意味 / ある考えが頭にうかぶこと / おも / 思 / いつく / ポイント / アイディア/ 考え/方法を__ / Nghĩ ra / 例文 / ・「あ!あれをすればいいか!」彼は、彼女への / いい誕生日サプライズを思いついた。 / ・ なかなかいい方法が( )な
N2-vocab-0584,title_not_contiguous_in_raw_pdf_split,引き止める,ひきとめる,"Kéo lại, níu kéo","ひ / と / 意味 / どこかへ行く人を止まらせること / 引 / き止 / める / ポイント / (人)を__ / Kéo lại, níu kéo / 例文 / ・ 会社を辞めたがっている同僚を、 皆で引き止めた"
N2-vocab-0586,title_not_contiguous_in_raw_pdf_split,飛び散る,とびちる,Bay lả tả,例文 / ・ お金の不安を打ち消すには? / と / ち / 意味 / 何かが勢いよくあちこちに飛んでばらばらに散る / 飛 / び散 / る / 例文 / はへん / ・ グラスが割れ、破片 / が飛び散った。 / Bay lả tả
N2-vocab-0587,title_not_contiguous_in_raw_pdf_split,乗り継ぐ,のりつぐ,Đổi chuyến,の / つ / 意味 / 乗り物を降りて、次の乗り物に乗ること / 乗 / り継 / ぐ / ポイント / (乗り物)を__ / 例文 / ・韓国で飛行機を(乗り継いで 乗り越えて) / Đổi chuyến / 日本へきました。 / の / こ / 類義語 乗 / り越 / える / ・ 危機/壁/困難を+乗り越える / ・ 電車、バスを乗り換える / の / す / 乗 / り過 / ごす / ・ (降りるべき駅で降りず、過ぎてしまった時)あ!やばっ!
N2-vocab-0590,title_not_contiguous_in_raw_pdf_split,打ち明ける,うちあける,"Bật mí, hé lộ","う / あ / 意味 / 秘密にしていたことを話すこと / 打 / ち明 / ける / ポイント / 秘密・過ち・悩み__ / 例文 / ・過去の失敗を友達に打ち明けたら、心が軽くなった / Bật mí, hé lộ"
N2-vocab-0591,title_not_contiguous_in_raw_pdf_split,目立つ,めだつ,"Nổi bật, dễ lộ","Kiến thức / め / だ / 意味 / 1 他よりを目がとまること / 目立 / つ / 例文 / ・ 白いスーツは汚れが目立ちやすい。 / Nổi bật, dễ lộ / 意味 / 2 他より印象に残る / 例文 / ・ 学生時代は教室で目立たない、普通の学生でした"
N2-vocab-0593,title_not_contiguous_in_raw_pdf_split,見分わける,みわける,"Phân biệt, làm rõ","意味 / 見て、区別すること / 見分 / み / わける / 例文 / ・ 偽物と本物を見分けるのは難しい。 / Phân biệt, làm rõ"
N2-vocab-0595,title_not_contiguous_in_raw_pdf_split,くっ付く,くっつく,"Phủ nhận, cự tuyệt","意味 / つ / 物と物がぴったりとつくいてなかなか離れないこと / くっ付 / く / ポイント / A とB が__ / 例文 / ・ 靴の底にガムがくっついてしまった。 / Phủ nhận, cự tuyệt / ポイント / 人にも使う / 例文 / ・3 才の娘はいつも私にくっついて離れようとしない"
N2-vocab-0599,title_not_contiguous_in_raw_pdf_split,付け加える,つけくわえる,Thêm vào,→ ≒ 補足して / つ / くわ / 意味 / 今あるものに、さらに別のものを足すこと / 付 / け加 / える / ポイント / ≒ 補足して / 例文 / ・ 「今の説明に少し付け加えて話しますね。」 / Thêm vào
N2-vocab-0604,title_not_contiguous_in_raw_pdf_split,取り入れる,とりいれる,"Áp dụng, đưa vào","と / い / 意味 / 他のいいところを採用する / 取 / り入 / れる / ポイント / 意見 / 方法 /アイデアを_ / 例文 / ・ 会社は消費者の意見を取り入れて、 / Áp dụng, đưa vào / 商品を改良した。"
N2-vocab-0605,title_not_contiguous_in_raw_pdf_split,立ち上げる,たちあげる,"Khởi động Bắt đầu, thành lập","意味 / 1 コンピューターで電源をつける / た / あ / 立 / ち上 / げる / 例文 / ・ 仕事の前にパソコン立ち上げておいてね。 / ⇔ 電源を切るシャットダウンする / Khởi động / 意味 / 2 企画を始めること / Bắt đầu, thành lập / ポイント / 新サービス/ウェブサイト / Youtube でチャンネルを_"
N2-vocab-0610,title_not_contiguous_in_raw_pdf_split,建て替える,たてかえる,"Xây lại, xây dựng lại","た / か / 意味 / 古くなった建物を一度壊して新しく建てること / 建 / て替 / える / 例文 / ・ A:ごめん。今金欠でさ、給料日に払うから / お昼代、立て替えてもらえる? / Xây lại, xây dựng lại / B:あ、全然いいよ。 / → 立て替える ≒ 代わりに払う"
N2-vocab-0611,title_not_contiguous_in_raw_pdf_split,切り替える,きりかえる,"Sửa đổi, thay thế","Kiến thức / き / か / 意味 / 今までのものをやめて別のものにすること / 切 / り替 / える / ポイント / 古いものを+新しいものに_ / Sửa đổi, thay thế / 例文 / ・ 最近メガネからコンタクトに切り替えました。 / ポイント / 「ー」の気持ちを +「+」の気持ちに_ / 例文 / ・ ずっとミスで落ち込んでいてもしょうがない。 / 切り替えて頑張ろう!"
N2-vocab-0612,title_not_contiguous_in_raw_pdf_split,受け持つ,うけもつ,"Đảm nhiệm, phụ trách","う / も / 意味 / 自分の仕事・担当として引き受けて行うこと / つ / 受 / け持 / ポイント / 仕事を__ / 例文 / ・ 今5つの授業を受け持ってます。 / Đảm nhiệm, phụ trách / ≒自分の担当/責任として引き受ける"
N2-vocab-0613,title_not_contiguous_in_raw_pdf_split,取り上げる,とりあげる,"Cầm, nhấc","と / あ / 意味 / 1 取って、持ち上げること / げる / 取 / り上 / ポイント / ものを__ / ・ 彼女は机の上の本を取り上げた。 / Cầm, nhấc / 例文 / Cướp, tước đi / 意味 / 相手が持っているものを奪うこと / 例文 / ・ お母さんにゲーム機を取り上げられた。 / 意味 / 問題として扱うこと、話題にする / Nhắc tới, bàn tới / ・ ニュースでこの事件は大きく"
N2-vocab-0614,title_not_contiguous_in_raw_pdf_split,繰り返す,くりかえす,Lặp lại,"く / かえ / 意味 / 同じことを何度もすること / す / 繰 / り返 / ポイント / 意見 / 方法 /アイデアを_ / 例文 / ・「同じ失敗をくり返してはいけません」 / Đảm nhiệm, phụ trách / ・「この授業を何度も繰り返してみてね〜」"
N2-vocab-0629,title_not_contiguous_in_raw_pdf_split,慌ただしい,あわただしい,Bận tối mắt tối mũi,・ 乏しい ⇔ ( ) / 意味 / 落ち着かなく忙しい様子 / あわ / 慌 / ただしい / ポイント / _日常、1日 / 例文 / ・ 今日は急な用事や来客が重なって、 / Bận tối mắt tối mũi / あわただしい一日だった。
N2-vocab-0660,title_not_contiguous_in_raw_pdf_split,詳しい,くわしい,"Chi tiết, am hiểu về...","意味 / くわ / よく知っていること / 詳 / しい / 「同じ」よりも硬い言い方 / ポイント / Chi tiết, am hiểu về... / 例文 / ・ 姉はアイドルにとてもくわしいです。 / ・ この地図はスーパーまでの道がとてもくわしく / 書かれている。 / しょうさい / 類義語 / 詳細 / (ビジネスの場で) / A: 「では、火曜日の13 時に打ち合わせお願いします。」 / B:「 場所や議題"
N2-vocab-0661,title_not_contiguous_in_raw_pdf_split,目覚ましい,めざましい,"Nổi bật, vượt bậc","意味 / め / ざ / びっくりするほど素晴らしいこと / 目覚 / ましい / びっくりして目が覚めるほど / ポイント / Nổi bật, vượt bậc / 例文 / ・ 彼は試合でめざましい活躍をした。"
N2-vocab-0662,title_not_contiguous_in_raw_pdf_split,曖昧な,あいまいな,"Mơ hồ, mông lung","Kiến thức / 意味 / YES かNO かはっきりしないこと / あいまい / 曖昧 / な / ポイント / 態度がはっきり ✘ / _な返事、表現、答え / 例文 / ・ あの日のことは記憶があいまいだ。 / Mơ hồ, mông lung"
N2-vocab-0722,title_not_contiguous_in_raw_pdf_split,有難い,ありがたい,HỮU NAN,"Kiến thức / ありがた / 意味 / ありがとうの気持ち / 有難 / い / 例文 / ・これコピーしといてくれるとありがたいんだけど... / HỮU NAN / ≒ありがたいんですが(目上には) / ・ ありがたいことに雨が止んだ。 / Biết ơn, cảm kích / ≒幸いなことに"
N2-vocab-0726,title_not_contiguous_in_raw_pdf_split,弱気な,よわきな,NHƯỢC KHÍ,"≒あまり話したくない / 意味 / 気が弱いこと / よわき / 弱気 / な / ポイント / ⇔強気 / _になる、_な性格 / 例文 / ・ A:あぁ、N2 なんて僕には難しいよ。絶対不合格 / NHƯỢC KHÍ / だよ... / B:そんな弱気にならないで。きっとうまくいく / Nhát gan, nhút nhát / よ!"
N2-vocab-0732,title_not_contiguous_in_raw_pdf_split,気楽な,きらくな,KHÍ LẠC,Kiến thức / きらく / 意味 / 心配がなく、のんびりとしていられること / 気楽 / な / ポイント / _に{考える/暮らす/生きる...} / 例文 / りょう / ひとりぐ / ・ 寮 / に住むより一人暮 / らしの方が、 / KHÍ LẠC / お金はかかるが気楽でいい。 / ≒他の人のことを考えなくてもいい / Thoải mái
N2-vocab-0736,title_not_contiguous_in_raw_pdf_split,絶えず,たえず,"TUYỆT Liên miên, liên tục","言わば第二の故郷と言ってもいいだろう。 / た / 意味 / 途中で途切れることなく、ずっと行われていること / 絶 / えず / 例文 / ・ 妹は体が弱くて、たえず風邪をひいている。 / TUYỆT / ・ コロナで人通りが絶えた。 / Liên miên, liên tục"
N2-vocab-0751,title_not_contiguous_in_raw_pdf_split,直ちに,ただちに,TRỰC Ngay lập tức,ただ / 意味 / 今すぐに(トイレ行く暇もない) / 直 / ちに / ポイント / 至急<大至急<ただちにどちらもとても急ぎ / TRỰC / 例文 / ・ 取引先にこの資料メールで送ったの? / これ極秘だから!ただちにお詫びのメールして! / Ngay lập tức
N2-vocab-0757,title_not_contiguous_in_raw_pdf_split,生き生き,いきいき,"SINH Năng động, đầy sức sống","い / い / 意味 / 元気があって、勢いがある様子 / 生 / き生 / き / ポイント / _(と)〜している / SINH / 例文 / ・ この会社の社員たちは皆いきいきと働いている。 / ・ 子どもたちのいきいき(と)した表情 / Năng động, / đầy sức sống / が印象的だった。"
N2-vocab-0761,title_not_contiguous_in_raw_pdf_split,予め,あらかじめ,DƯ Sẵn sàng,あらかじ / 意味 / 始まる前に、あることをしておく / 予 / め / ポイント / ≒事前に・前もって / DƯ / 例文 / ・ 取引先が扱っている商品と、担当者の名前は / 打ち合わせまでにあらかじめ確認しておいてね。 / Sẵn sàng
N2-vocab-0819,title_not_contiguous_in_raw_pdf_split,何となく,なんとなく,HÀ,意味 / はっきりとした理由や目的はない様子 / なん / 何 / となく / 例文 / ・なんとなく今日はいい日になる気がする。 / ・A:なんで結婚しようと思ったの? / HÀ / B:うーん。はっきりした理由はわからないけど、 / 彼女と出会ったときになんとなく、この人と / Bằng cách nào đó / 結婚するべきだと思ったんだ。
N3-vocab-0006,title_not_contiguous_in_raw_pdf_split,先輩・後輩,せんぱいこうはい,Tiền bối - Hậu bối,しょくば / ・ モンさんとアインさんは同じ年だが、職場 / では / アインさんの方が先輩だ。 / せんぱい / こうはい / 先輩 / ・後輩 / こうはい / 対:後輩 / Tiền bối - Hậu bối / しょくば / ・ モンさんとアインさんは同じ年だが、職場 / では / アインさんの方が後輩だ。
N3-vocab-0037,title_not_contiguous_in_raw_pdf_split,出席・欠席,しゅっせきけっせき,Có mặt - Vắng mặt,けっせきとどけ / 合:欠席届 / しゅっせき / けっせき / 出席 / ・欠席 / たいしょくとどけ / Có mặt - Vắng mặt / 関:退職届
N3-vocab-0042,title_not_contiguous_in_raw_pdf_split,成功・失敗,せいこうしっぱい,Thành công - Thất bại,もと / ・ 失敗は成功の元 / せいこう / しっぱい / 成功 / ・失敗 / だいせいこう / 合:大成功 / Thành công - Thất bại
N3-vocab-0048,title_not_contiguous_in_raw_pdf_split,引っ越し,ひっこし,Chuyển nhà,じゅんび / ・ 引越しの準備 / が終わった / ひ / こ / 引 / っ越 / し / てつだ / ・ 引越しを手伝 / う / Chuyển nhà / とうきょう / ・ 東京 / からハノイに引越しする
N3-vocab-0102,title_not_contiguous_in_raw_pdf_split,前半・後半,ぜんはんこうはん,Nửa trước - Nửa sau,ぜんはん / こうはん / たいくつ / ・ 映画の前半は退屈 / だったが、後半は / 前半 / ・後半 / おもしろかった。 / Nửa trước - Nửa sau
N3-vocab-0117,title_not_contiguous_in_raw_pdf_split,渇く,かわく,"Khát, khát nước","かわ / 渇 / く / ・ のどが渇いた。 / Khát, khát nước"
N3-vocab-0120,title_not_contiguous_in_raw_pdf_split,殴る,なぐる,Đánh,なぐ / 殴 / る / きょうし / せいと / もんだい / ・ 教師 / になっている。 / が生徒 / を殴って、問題 / Đánh
N3-vocab-0123,title_not_contiguous_in_raw_pdf_split,(が)倒れる,たおれる,"1. Đổ 2. Ngất, bất tỉnh 3. Đổ bệnh","たいふう / ・ 台風 / で木が倒れた。 / たお / (が)倒 / れる / たす / ・ 倒れている人を助 / 1. Đổ / けた。 / 2. Ngất, bất tỉnh / 3. Đổ bệnh / はたら / ・ 父は働 / きすぎて倒れてしまった。"
N3-vocab-0124,title_not_contiguous_in_raw_pdf_split,(を)倒す,たおす,"1. Làm đổ, đánh đổ 2. Đánh bại, chinh phục","たお / か / わ / ・ 花 / (を)倒 / す / びんを倒して割 / ってしまった。 / 1. Làm đổ, đánh đổ / ・ ボクシングでチャンピオンを倒した。 / 2. Đánh bại, chinh phục"
N3-vocab-0125,title_not_contiguous_in_raw_pdf_split,(が)起きる,おきる,1. Thức dậy,お / (が)起 / きる / ・ 今日は8 時に起きた。 / お / まいばん / おそ / 起 / こる / ・ 父は毎晩 / 遅 / くまで起きているようだ。 / 1. Thức dậy / さいきん / 2. Thức / ・ 最近 / なかなかやる気が起きない・起こらない。 / 3. Xảy ra
N3-vocab-0126,title_not_contiguous_in_raw_pdf_split,(を)起こす,おこす,"1. Đánh thức 2. Dựng lên 3. Gây ra, làm","あさ / お / ・ うちの子は朝 / 起 / こしてもなかなか起きない。 / お / (を)起 / こす / じてんしゃ / ・ 倒れていた自転車 / を起こした。 / 1. Đánh thức / 2. Dựng lên / じ / こ / じけん / もんだい / さいばん / ・ 事故 / (N2)... を起こす。 / ・事件 / ・問題 / ・裁判 / 3. Gây ra, làm"
N3-vocab-0127,title_not_contiguous_in_raw_pdf_split,尋ねる,たずねる,Hỏi,・ 「ちょっとお尋ねしたいのですが...」 / たず / 尋 / ねる / Hỏi / こうばん / けいかん / し / やくしょ / ・ 交番 / までの道を尋ねた。 / で警官 / に市 / 役所
N3-vocab-0130,title_not_contiguous_in_raw_pdf_split,黙る,だまる,Im lặng,しつもん / ・ 先生が質問 / したが、誰も答えないで黙っている。 / だま / 黙 / る / ・ 「うるさい。黙れ!」 / Im lặng / じゅぎょうちゅう / きょうしつ / ・ 授業中 / 黙って教室 / を出てはいけない。
N3-vocab-0131,title_not_contiguous_in_raw_pdf_split,飼う,かう,Nuôi,か / 飼 / う / ・ 何かペットを飼いたいと思っている。 / Nuôi
N3-vocab-0133,title_not_contiguous_in_raw_pdf_split,(が)乾く,かわく,Khô,ほ / せんたくもの / ・ 風が強かったので、外に干 / した洗濯物 / はすぐ乾いた。 / かわ / (が)乾 / く / ・ 乾いたタオルで体をふいた。 / Khô / くうき / ・ 空気 / ・インクが乾く
N3-vocab-0134,title_not_contiguous_in_raw_pdf_split,(を)乾かす,かわかす,Làm khô,かわ / (を)乾 / かす / かみ / ・ ドライヤーでぬれた髪 / を乾かした。 / Làm khô
N3-vocab-0136,title_not_contiguous_in_raw_pdf_split,誘う,さそう,Mời,・ 友達を誘って映画を見に行った。 / さそ / ・ 今度、彼女を食事に誘おうと思う。 / 誘 / う / Mời / ことわ / る / 蓮:誘いを受ける>< 誘いを断 / Nhận lời mời ><Từ chối lời mời
N3-vocab-0138,title_not_contiguous_in_raw_pdf_split,(を)預かる,あずかる,"Trông, giữ, chăm sóc","あず / (を)預 / かる / ・ 旅行に行く友達から犬を預かることになった。 / Trông, giữ, chăm sóc"
N3-vocab-0139,title_not_contiguous_in_raw_pdf_split,(を)預ける,あずける,"Gửi, nhờ trông","り / し / あず / ・ 銀行にお金を預けると、利子 / がつく。 / (を)預 / ける / ほいくえん / Gửi, nhờ trông / ・ 保育園 / に子供を預けて働く。"
N3-vocab-0140,title_not_contiguous_in_raw_pdf_split,(が)決まる,きまる,Được quyết định/ Cố định,きこく / ・ 帰国 / の日が決まった / ほっかい / どう / ・ みんなで話し合って、旅行の行き先は北海 / 道 / に / 決まった。 / き / (が)決 / まる / まいあさ / ・ 父は毎朝 / 決まった時間にうちを出て、決まった時間に / Được quyết định/ / 帰ってくる。 / Cố định / ごうかく / ゆうしょう / てんきん / ・ {合格 / / 優勝 / /転勤 / ...}が決まった。 / さい / こうと
N3-vocab-0141,title_not_contiguous_in_raw_pdf_split,(を)決める,きめる,Quyết định/ Chọn,しんがく / しゅうしょく / ・ 進学 / き / か就職 / か、早く決めた方がいいですよ。 / (を)決 / める / あさ / ・ 朝 / はパンとコーヒーに決めている。 / Quyết định/ Chọn
N3-vocab-0142,title_not_contiguous_in_raw_pdf_split,(が)写る,うつる,Chụp 蓮:写真写り:Biết chụp,くら / ・ このカメラは暗 / いところでもよく写る。 / うつ / (が)写 / る / ・ 「この写真、よく写っているね。」(≒ 良い写真) / Chụp / 蓮:写真写り:Biết chụp
N3-vocab-0143,title_not_contiguous_in_raw_pdf_split,(を)写す,うつす,1. Chụp (ảnh) 2. Chép,うつ / す / ば / ふうけい / ・ 素晴 / (を)写 / す / を写真に写した。 / らしい風景 / 1. Chụp (ảnh) / こくばん / 2. Chép / ・ 黒板 / の字をノートに写した。
N3-vocab-0144,title_not_contiguous_in_raw_pdf_split,(を)思い出す,おもいだす,Nhớ lại/ Nhớ ra,はる / こうこう / にゅう / がく / しき / ・ 毎年春 / おも / だ / を思い出す。 / になると、高校 / の入 / 学 / 式 / (を)思 / い出 / す / Nhớ lại/ Nhớ ra / きゅう / ・ 忘れていたことを急 / に思い出した。
N3-vocab-0145,title_not_contiguous_in_raw_pdf_split,(を)教わる,おそわる,Học từ (ai đó),・ この料理の作り方は母{から/に}教わりました。 / おそ / (を)教 / わる / Học từ (ai đó) / おし / える / 対:教
N3-vocab-0146,title_not_contiguous_in_raw_pdf_split,(を)申し込む,もうしこむ,1. Đăng ký 2. Cầu hôn,さんか / ・ パーティーの参加 / を申し込む。 / もう / こ / (を)申 / し込 / む / けっこん / 1. Đăng ký / ・ 恋人に結婚 / を申し込む。 / 2. Cầu hôn
N3-vocab-0147,title_not_contiguous_in_raw_pdf_split,(を) 断る,ことわる,1. Từ chối 2. Được phép,意味 1 / たの / ・ 頼 / まれた仕事を断った。 / ことわ / しゃっきん / (を) 断 / る / ・ 借金 / を申し込んだが断られた。 / 1. Từ chối / ・ すみません、この仕事はお断りさせていただきます。 / 2. Được phép / 意味 2 / そうたい / ・ 急用ができたので、先生に断って早退 / させてまらった。
N3-vocab-0148,title_not_contiguous_in_raw_pdf_split,(が)見つかる,みつかる,1. Tìm thấy 2. Bị phát hiện,ゆびわ / ・ なくなったと思っていた指輪 / が、ソファーの下 / み / (が)見 / つかる / {で/から}見つかった。 / 1. Tìm thấy / ・ 高校生の時、タバコを吸っていたら、先生に / 2. Bị phát hiện / 見つかって怒られた。
N3-vocab-0149,title_not_contiguous_in_raw_pdf_split,(を)見つける,みつける,Tìm thấy,み / ・ なくなったと思っていた指輪を、ソファーの下で / (を)見 / つける / 見つけた。 / Tìm thấy
N3-vocab-0150,title_not_contiguous_in_raw_pdf_split,(が)捕まる,つかまる,1. Bị bắt 2. Tóm,つか / はんにん / けいさつ / ・ 犯人 / が警察 / に捕まった。 / (が)捕 / まる / 1. Bị bắt / でんしゃ / かわ / ・ 電車 / で立っているときはいつもつり革 / に捕まっている。 / 2. Tóm
N3-vocab-0151,title_not_contiguous_in_raw_pdf_split,(が)捕まえる,つかまえる,Tóm/ Bắt,けいさつ / どろぼう / ・ 警察 / が泥棒 / を捕また。 / つか / (が)捕 / まえる / ・ 川で魚を(捕まる・捕まえる)。 / Tóm/ Bắt
N3-vocab-0152,title_not_contiguous_in_raw_pdf_split,(が)乗る,のる,Lên xe,の / (が)乗 / る / かよ / ・ 毎朝、電車に乗って学校に通 / っている。 / Lên xe
N3-vocab-0153,title_not_contiguous_in_raw_pdf_split,(を)乗せる,のせる,"Đèo, chở, cho đi nhờ","の / (を)乗 / せる / とうきょう / ・ 東京 / まで乗せてくれませんか? / Đèo, chở, cho đi nhờ"
N3-vocab-0154,title_not_contiguous_in_raw_pdf_split,(が)降りる,おりる,"1. Xuống xe 2. Xuống cầu thang 3. Ngừng kinh doanh 4. Được, cho phép","・ 電車を降りる。 / の / お / 対:に乗 / る / (が)降 / りる / かいだん / ・ 2 階から1 階に下りる。 階段 / を下りる。 / お / 下 / りる / かいだん / あ / 対:階段 / を上 / がる(結果) / 1. Xuống xe / かいだん / のぼ / 2. Xuống cầu thang / 階段 / を上 / る(過程) / 3. Ngừng kinh doanh / 4. Được, cho phép / けいき"
N3-vocab-0155,title_not_contiguous_in_raw_pdf_split,(を)降ろす,おろす,1. Cho xuống 2. Dỡ xuống 3. Hạ xuống,ぎんこう / ・ (タクシーの客が)「あの銀行 / の前で降ろしてください。」 / お / たな / にもつ / ・ 棚 / の上から荷物 / を降ろす。 / (を)降 / ろす / さんせい / ・ 「賛成 / の方は手をあげてください。」 / お / 下 / ろす / 「はい、降ろしてください。」 / 1. Cho xuống / あ / あ / 対:上 / げる、挙 / げる / 2. Dỡ xuống / 3. Hạ xuống / ・ ATM からお
N3-vocab-0156,title_not_contiguous_in_raw_pdf_split,(が)直る,なおる,Sửa/ Cải thiện,きげん / ・ 1万円をあげたら、妻の機嫌 / が直った。 / なお / (が)直 / る / はつおん / ・ 発音 / のくせがなかなか直らない。 / Sửa/ Cải thiện / しゅうかん / (くせ:あまりよくない習慣 / )
N3-vocab-0157,title_not_contiguous_in_raw_pdf_split,(を)直す,なおす,1. Sửa 2. Chỉnh 3. Dịch,意味 1 / ・ こわれた時計を直す。 / そこ / あな / ・ 底 / に穴 / が空いたくつを直す。 / なお / (を)直 / す / ・ 先生が作文を直してくれた。 / 意味 2 / 1. Sửa / 2. Chỉnh / ま / ・ ネクタイが曲 / 3. Dịch / がっていますよ。直したほうが / いいですよ。 / 意味 3 / ・ 日本語を英語に直す。
N3-vocab-0158,title_not_contiguous_in_raw_pdf_split,(が)治る,なおる,Khỏi,ずつう / ・ なかなか頭痛 / が治らない。 / なお / (が)治 / る / にゅういん / かんじゃ / びょう / き / ・ 5年間、入院 / が治る。 / していた患者 / の病 / 気 / Khỏi
N3-vocab-0159,title_not_contiguous_in_raw_pdf_split,(を)治す,なおす,Hồi phục,なお / (を)治 / す / ・ 「よく休んで早くかぜを治してください。」 / Hồi phục / 使い分け / • / 直す:病気以外、何でも○ / →車を直す / →文章を直す / • / 修理:機械 / →車を修理する / • / 治す:病気 / →けがを治す
N3-vocab-0160,title_not_contiguous_in_raw_pdf_split,(が)亡くなる,なくなる,Chết,な / (が)亡 / くなる / ・ 社長が90 歳で亡くなった。 / Chết
N3-vocab-0161,title_not_contiguous_in_raw_pdf_split,(を)亡くす,なくす,Mất (ai đó),な / (を)亡 / くす / ちちおや / ・ 彼は子どものとき、父親 / を亡くした。 / Mất (ai đó)
N3-vocab-0162,title_not_contiguous_in_raw_pdf_split,(が)生まれる,うまれる,1. Được sinh ra 2. Ra đời,・ 先月、兄の子どもが生まれた。 / めいさく / ・ 1990 年代、多くのアニメの名作 / が生まれた。 / う / (が)生 / まれる / ・ 生まれは北海道ですが、3歳のときから大阪に住んで / 1. Được sinh ra / います。 / 2. Ra đời / ・ 生まれ:Sinh ra / ○ 年:生まれ、○ 月生まれ / 使い分け / • / 誕生:硬い / しんせいけん / → 新政権 / が誕生した。 / 
N3-vocab-0163,title_not_contiguous_in_raw_pdf_split,(を)産む,うむ,1. Sinh 2. Đẻ ra 3. Tạo ra,う / げんき / (を)産 / む / ・ 妻が先日元気 / な女の子を産んだ。 / う / 生 / む / たまご / ・ にわとりが卵 / を産む。 / 1. Sinh / 2. Đẻ ra / どりょく / しんきろく / ・ 彼の努力 / を生んだ。 / がこの新記録 / 3. Tạo ra
N3-vocab-0164,title_not_contiguous_in_raw_pdf_split,(が)出会う,であう,Gặp gỡ,ぐうぜん / ・ 駅で偶然 / 大学時代の友人(に・と)出会った。 / (Gặp gỡ tình cờ) / ・ ここは両親が初めて出会った場所だそうだ。 / で / あ / (が)出会 / う / ・ ナカソネ先生に出会ったおかげで私の人生観が / Gặp gỡ / 完全に変わった。 / (Gặp gỡ định mệnh) / ・ 全ての出会いを大切にしよう、2度と戻れないから。
N3-vocab-0165,title_not_contiguous_in_raw_pdf_split,(を)尋ねる,たずねる,Ghé thăm,そ / ぼ / ・ いなかの祖母 / の家を訪ねた。 / たず / (を)尋 / ねる / ・ 「さっきあなたを訪ねたお客さんがいらっしゃいましたよ。」 / Ghé thăm
N3-vocab-0166,title_not_contiguous_in_raw_pdf_split,(が)付き合う,つきあう,1. Giao du/ Chơi với 2. Cùng làm/ Có hẹn với 3. Hẹn hò,意味1 / ・ 隣の家の人と親しく付き合っている。(いい関係) / 意味2 / ・ 「仕事終わった?」 / 「じゃ、食事に付き合ってよ。」 / つ / あ / (が)付 / き合 / う / ・ 先週の土曜日は上司のゴルフに付き合わされた。 / (二人が行動を一緒に) / 1. Giao du/ Chơi với / 2. Cùng làm/ Có hẹn với / 意味3 / 3. Hẹn hò / ・ 彼らは付き合
N3-vocab-0167,title_not_contiguous_in_raw_pdf_split,(が)効く,きく,1. Có hiệu quả 2. Đang chạy,ずつう / ・ この薬は頭痛 / によく効く。 / き / (が)効 / く / へ / や / ・ クーラーが効いていないのか、この部屋 / はとても暑い。 / 1. Có hiệu quả / き / め / 2. Đang chạy / :Độ hiệu quả / 合:効 / き目
N3-vocab-0169,title_not_contiguous_in_raw_pdf_split,(が)経つ,たつ,Trôi qua,・ 日本へ来てから10 年が経った。 / た / (が)経 / つ / しんぱい / ・ 子どもがいつまで経っても帰って来なくて心配 / だ。 / Trôi qua
N3-vocab-0170,title_not_contiguous_in_raw_pdf_split,間に合う,(が/に)まあう,Kịp,(が/に) / ・ 電車が遅れたが、駅から走って、なんとか授業に / ま / あ / 間に合った。 / 間 / に合 / う / Kịp
N3-vocab-0172,title_not_contiguous_in_raw_pdf_split,(が)通う,かよう,"1. Đi/ đi học, đi làm 2. Hiểu","意味1 / ・ 学校/会社/病院... に通う。 / 通学する:学校に通うこと / 通勤する:会社に通うこと / かよ / (が)通 / う / 通院する:病院に通うこと / ・ 毎週ピアノのレッスンに通っている。 / 1. Đi/ đi học, đi làm / ・ うちには小学校に通っている子どもが二人いる。 / 2. Hiểu / 意味2 / ・ いっしょに働くうちに、彼女と心が通い合うようになった。"
N3-vocab-0173,title_not_contiguous_in_raw_pdf_split,(が)混む,こむ,Đông,・ 電車/店/道... が混む。 / こ / ひとご / み:Đám đông / 合:人混 / (が)混 / む / あ / 対:空 / く / Đông / こんざつ / する(347) / 連:≒ 混雑
N3-vocab-0174,title_not_contiguous_in_raw_pdf_split,(が)すれ違う,すれちがう,"1. Tránh nhau, đi lướt qua 2. Không hiểu nhau 3. Lệch (giờ, địa điểm)","たいへん / ・ この道はせまいので、車がすれ違うのは大変 / だ。 / ちが / (が)すれ違 / う / ・ 電車と電車がすれ違った。 / ・ 彼とはすれ違ってばかりの生活なので、結婚なんて / 1. Tránh nhau, / 考えられない。 / đi lướt qua / 2. Không hiểu nhau / ・ 子どもを学校まで迎えに行ったが、すれ違って、 / 3. Lệch (giờ, địa"
N3-vocab-0175,title_not_contiguous_in_raw_pdf_split,(が)掛かる,かかる,"1. Phủ, rưới 2. Bọc 3. Tốn, mất 4. Mắc (bệnh)","・ このサラダには何も掛かっていないようだ。 / ・ いすにきれいなカバーが掛かっている。 / か / (が)掛 / かる / ちょうさ / ひよう / ひとで / ・ この調査 / には(時間/ 費用 / / 人手 / )が掛かる。 / 1. Phủ, rưới / 2. Bọc / ・ 病気に掛かる。 / 3. Tốn, mất / めいわく / おんがく / はし / ・ (迷惑 / 4. Mắc (bệnh) / / エンジン/ ブ"
N3-vocab-0176,title_not_contiguous_in_raw_pdf_split,(を)掛ける,かける,"1. Rưới 2. Đắp, bọc 3. Tốn, mất 4. Làm cho","りょうり / ・ 料理 / にしょうゆを掛けて食べる。 / ね / ・ ふとんをかけて寝 / る。 / (本屋の店員が) / か / (を)掛 / ける / 「カバーをお掛けしますか。」 / に / 1. Rưới / ・ このスープは時間を掛けてゆっくり煮 / たほうが / 2. Đắp, bọc / おいしい。 / 3. Tốn, mất / めいわく / しんぱい / せ / わ / ほけん / おんがく / はし / ・ 迷惑 / / 心配 / / 世話 / "
N3-vocab-0177,title_not_contiguous_in_raw_pdf_split,(が)動く,うごく,"1. Cử động 2. Hoạt động, chạy 3. Hành động 4. Di chuyển","意味1 / と / ・ 「写真を撮 / るから動かないでねー」 / 意味2 / きかい / ・ スイッチを入れても機械 / が動かない。 / うご / 意味3 / (が)動 / く / さが / けいさつ / ・ いなくなった兄を捜 / してほしいと言っても、警察 / は / 1. Cử động / なかなか動いてくれなかった。 / 2. Hoạt động, chạy / 意味4 / 3. Hành động / せかい / ・ 今世界 / はすご"
N3-vocab-0178,title_not_contiguous_in_raw_pdf_split,(を)動かす,うごかす,1. Cử động 2. Lay động 3. Thay đổi,からだ / ・ ひどいけがをして、体 / うご / を動かすこともできない。 / (を)動 / かす / こくみん / せいふ / ・ 国民 / の力で政府 / を動かすことができる。 / 1. Cử động / 2. Lay động / 3. Thay đổi / にんげん / れきし / ・ 一人の人間 / を動かすこともある。 / が歴史
N3-vocab-0179,title_not_contiguous_in_raw_pdf_split,(が)離れる,はなれる,"1. Tránh xa 2. Xa, rời xa 3. Cách","意味 1 / ・ 「危ないから、ストーブから離れて遊びなさい。」 / はな / (が)離 / れる / 意味 2 / かぞく / く / ・ 家族 / と離れて暮 / らしている。 / 1. Tránh xa / ・ ふるさとを離れて、もう10 年になる。 / 2. Xa, rời xa / 3. Cách / 意味 3 / あね / ・ 姉 / とは4 歳離れている。"
N3-vocab-0180,title_not_contiguous_in_raw_pdf_split,(を)離す,はなす,"Tách ra, tách xa/ Rời, buông","はな / つくえ / (を)離 / す / ・ テストのときは、机 / を離して並べる。 / Tách ra, tách xa/ / ・ 子どもと歩くときは、手を離さないようにしている。 / Rời, buông"
N3-vocab-0186,title_not_contiguous_in_raw_pdf_split,(が)片付く,かたづく,Dọn dẹp/ Giải quyết,おおそうじ / ・ 大掃除 / をして、やっと部屋が片付いた。 / かたづ / しごと / しゅくだい / じけん / もんだい / (が)片付 / く / ・ (仕事 / / 宿題 / /事件 / /問題 / ...)が片付いた。 / → きれいに終わった。 / Dọn dẹp/ Giải quyết
N3-vocab-0187,title_not_contiguous_in_raw_pdf_split,(を)片付ける,かたづける,"Dọn dẹp, sắp xếp/ Giải quyết","つくえ / ・ 机 / の上を片付ける。 / かたづ / (を)片付 / ける / あら / しょっき / しょっき / たな / ・ 洗 / った食器 / を食器 / 棚 / に片付ける。 / Dọn dẹp, sắp xếp/ / しごと / しゅくだい / じけん / もんだい / Giải quyết / ・ (仕事 / / 宿題 / /事件 / /問題 / ...)を片付ける。 / → 終わらせる"
N3-vocab-0188,title_not_contiguous_in_raw_pdf_split,(を)包む,つつむ,"Gói, bọc","・ プレゼントをきれいな紙(で/に)包む。 / つつ / (を)包 / む / Gói, bọc / のこ / ・ 残 / ったおかしを包んで持って帰る。"
N3-vocab-0189,title_not_contiguous_in_raw_pdf_split,(を)張る,はる,Dán,かべ / ・ 壁 / にポスターを張る。 / は / (を)張 / る / きって / ・ はがきに切手 / を張る。 / Dán / は / がす / 対:を剥
N3-vocab-0190,title_not_contiguous_in_raw_pdf_split,(が)無くなる,なくなる,Mất,へ / や / ・ 部屋 / のかぎが無くなってしまった。 / な / (が)無 / くなる / ・ やる気が無くなっちゃった。 / Mất / じしん / き / き / おく / しょくよく / ・ (自信 / ...)が無くなる。 / /やる気 / /記 / 憶 / /食欲
N3-vocab-0191,title_not_contiguous_in_raw_pdf_split,(を)無くす,なくす,Đánh mất,こま / ・ パスポートを無くして困 / っている。 / な / (を)無 / くす / Đánh mất / じしん / き / き / おく / しょくよく / ・ (自信 / ...)を無くす。 / /やる気 / /記 / 憶 / / 食欲 / 使い分け / • 無くす:自信/やる気/記憶/食欲... / • 亡くす:人
N3-vocab-0192,title_not_contiguous_in_raw_pdf_split,(が)足りる,たりる,Đủ,しゅうにゅう / せいかつ / ・ この収入 / では生活 / するのに全然足りない。 / た / (が)足 / りる / しけん / むずか / ・ きょうの試験 / は難 / しくて、時間が足りなかった。 / Đủ / しごと / かのじょ / けいけん / ・ この仕事 / が足りない。 / をするには、彼女 / は経験
N3-vocab-0193,title_not_contiguous_in_raw_pdf_split,(が)残る,のこる,"Thừa, còn lại","りょうり / ・ 料理 / を作りすぎて、たくさん残ってしまった。 / のこ / (が)残 / る / しゅくだい / かんじ / れんしゅう / ・ 宿題 / は、あと漢字 / の練習 / だけが残っている。 / Thừa, còn lại / ちほう / ゆたか / しぜん / ・ この地方 / が残っている。 / には、まだ豊か / な自然"
N3-vocab-0194,title_not_contiguous_in_raw_pdf_split,(を)残す,のこす,Để thừa lại/ Còn lại,・ ごはんを残してしまった。 / のこ / (を)残 / す / ・ 今年も、あと二日を残すだけになった。 / Để thừa lại/ Còn lại
N3-vocab-0195,title_not_contiguous_in_raw_pdf_split,(が)腐る,くさる,"Thiu, hỏng","こわ / ・ 腐ったものを食べて、おなかを壊 / してしまった。 / くさ / (が)腐 / る / なまざかな / ・ 生魚 / は腐りやすいから、早く食べたほうがいい。 / Thiu, hỏng / たたみ / ・ 畳 / が腐るとカビもはえる!"
N3-vocab-0197,title_not_contiguous_in_raw_pdf_split,(を)剥く,むく,"Gọt, bóc, lột","くだもの / む / ・ 果物 / の皮を剥 / く。 / む / (を)剥 / く / Gọt, bóc, lột / は / ・ シールを剥 / がす。"
N3-vocab-0198,title_not_contiguous_in_raw_pdf_split,(が)滑る,すべる,"1. Trơn trượt 2. Trượt, nhỡ 3. Luớt, trượt (băng)","意味1 / ・ 雨の日は道が滑りやすいので注意してください。 / 意味2 / すべ / (が)滑 / る / ・ 足が滑った。 / 口が滑った。 / 1. Trơn trượt / 2. Trượt, nhỡ / 手が滑ってコップを割ってしまった。 / 3. Luớt, trượt (băng) / 意味3 / ・ 新しいスケート場はきれいで、楽しく滑ることが / できた。"
N3-vocab-0199,title_not_contiguous_in_raw_pdf_split,(が)積もる,つもる,Chất đống,・ 昨日降った雪が積もっている。 / つ / (が)積 / もる / ・ 全然そうじをしていないので、ほこりが / Chất đống / 積もっている。
N3-vocab-0200,title_not_contiguous_in_raw_pdf_split,(を)積む,つむ,"1. Chất đống, xếp chồng 2. Chất lên 3. Tích lũy","・ 机の上に本がたくさん積んである。 / つ / (を)積 / む / レンガを積んで家をつくる。 / 1. Chất đống, / ・ 車に荷物を積む。 / xếp chồng / 対:(を)おろす (159) / 2. Chất lên / ・ 働いて経験を積む。 / 3. Tích lũy / 4. Rèn luyện / ・ もっと練習を積まなくてはならない。 / 使い分け / • / 乗せる → 人、荷物(○"
N3-vocab-0201,title_not_contiguous_in_raw_pdf_split,(が)空く,あく,"1. Thủng 2. Trống 3. Rảnh, trống lịch","あな / ・ くつしたに穴 / が空いてしまった。 / あ / (が)空 / く / ・ 「その席、空いていますか。」 / ふどう / さんや / ・ (不動 / 1. Thủng / で) / 産屋 / 2. Trống / 「空いている部屋はありませんか。」 / 3. Rảnh, trống lịch / へいじつ / ・ 平日 / は忙しいですが、土曜日なら空いています。"
N3-vocab-0202,title_not_contiguous_in_raw_pdf_split,(を)空ける,あける,1. Đâm thủng 2. Để trống (không gian) 3. Để trống (thời gian),・ かべに穴を空ける。 / あ / (を)空 / ける / 対:をふさぐ / 1. Đâm thủng / でんしゃ / とし / よ / ・ 電車 / でお年 / 寄 / りのために席を空けた。 / 2. Để trống (không gian) / 3. Để trống (thời gian) / こんど / どようび / ・ 今度 / の土曜日 / 、空けておいてね。
N3-vocab-0203,title_not_contiguous_in_raw_pdf_split,(が)下がる,さがる,1. Giảm 2. Lùi,ねつ / おんど / ねだん / おんりょう / さ / ・ 熱 / / 温度 / / 値段 / / 音量 / ... が下がる。 / (が)下 / がる / れっしゃ / まい / はくせん / うちがわ / ・ 間もなく列車 / が参 / ります。白線 / の内側 / に下がって / 1. Giảm / 2. Lùi / お待ちください。
N3-vocab-0204,title_not_contiguous_in_raw_pdf_split,(を)下げる,さげる,Thu dọn,さ / (を)下 / げる / ・ お皿をお下げしてもよろしいですか。 / Thu dọn
N3-vocab-0205,title_not_contiguous_in_raw_pdf_split,(が)冷える,ひえる,Lạnh,てあし / ・ 寒いところに長くいたので、手足 / が冷えてしまった。 / ・ ビールは冷えていないとおいしくない。 / ひ / (が)冷 / える / 対:あたたまる / Lạnh / ・ A:「今夜は冷えますね。 / B:「ええ、温かいものが食べたいですね。」
N3-vocab-0206,title_not_contiguous_in_raw_pdf_split,(を)冷やす,ひやす,1. Làm lạnh/ Để lạnh 2. Bình tĩnh,意味1 / ・ やっぱりビールは冷やして飲んだほうがおいしい。 / けんこう / ・ 体を冷やしすぎるのは健康 / によくない。 / ひ / (を)冷 / やす / 対:あたためる / 1. Làm lạnh/ Để lạnh / 意味2 / 2. Bình tĩnh / こうふん / ・ 「そんなに興奮 / するな。頭を冷やしてもう一度 / よく考ろ。」 / あたま / を冷やす:Bình tĩnh / 蓮:頭
N3-vocab-0207,title_not_contiguous_in_raw_pdf_split,(が)冷める,さめる,"1. Nguội 2. Nguôi đi, nguội lạnh","意味1 / ねっ / ・ 彼は熱 / しやすく冷めやすい性格だ。 / さ / 意味2 / (が)冷 / める / ・ 若いころの熱い気持ちが冷めてしまった。 / 1. Nguội / 2. Nguôi đi, nguội lạnh / ・ 長く付き合ったので、いつの間にか気持ちが / 冷めてしまった。"
N3-vocab-0208,title_not_contiguous_in_raw_pdf_split,(を)冷ます,さます,"Làm nguội, để nguội","さ / ふ / ろ / あつ / ・ お風呂 / (を)冷 / ます / のお湯が熱 / くなりすぎだ。少し冷まして / から入ろう。 / Làm nguội, để nguội"
N3-vocab-0209,title_not_contiguous_in_raw_pdf_split,(が)燃える,もえる,1. Cháy 2. Nung nấu,意味1 / ひ / かみ / ・ 火 / / 紙 / ...が燃える。 / も / (が)燃 / える / たいよう / しず / ・ 燃えるような太陽 / んでいく。 / が沈 / 1. Cháy / 2. Nung nấu / 意味2 / きぼう / ・ 希望 / に燃えて大学に入った。
N3-vocab-0210,title_not_contiguous_in_raw_pdf_split,(を)燃やす,もやす,1. Đốt 2. Quyết tâm,も / ひ / かみ / ・ 火 / ...を燃やす。 / / 紙 / (を)燃 / やす / 1. Đốt / ぜんいん / しあい / む / ・ メンバー全員 / けて燃えている。 / 2. Quyết tâm / が試合 / に向
N3-vocab-0211,title_not_contiguous_in_raw_pdf_split,(を)沸く,わく,"1. Sôi, sẵn sàng 2. Sôi sục","わ / ゆ / ふ / ろ / ・ 湯 / / 風呂 / が沸く。 / (を)沸 / く / 1. Sôi, sẵn sàng / かしゅ / とうじょう / かいじょう / ・ 歌手 / が登場 / して会場 / が沸いた。 / 2. Sôi sục / 使い方 / • / 沸く / → 人(○) / → 状況に使う(✕)"
N3-vocab-0212,title_not_contiguous_in_raw_pdf_split,(を)沸かす,わかす,"1. Đun sôi, chuẩn bị 2. Làm sôi nổi","わ / ゆ / ふ / ろ / ・ 湯 / を沸かす。 / / 風呂 / (を)沸 / かす / 1. Đun sôi, chuẩn bị / かいじょう / 2. Làm sôi nổi / ・ おもしろいことを言って会場 / を沸かした。"
N3-vocab-0213,title_not_contiguous_in_raw_pdf_split,(が)鳴る,なる,1. (Sấm) đánh 2. Kêu,な / かみなり / ・ 雷 / が鳴っている。 / (が)鳴 / る / 1. (Sấm) đánh / じゅぎょうちゅう / けいたい / でんわ / 2. Kêu / ・ 授業中 / が鳴って先生に怒られた。 / に携帯 / 電話
N3-vocab-0214,title_not_contiguous_in_raw_pdf_split,(を)鳴らす,ならす,Làm kêu,な / (を)鳴 / らす / ・ ブザーを鳴らす。 / Làm kêu / 使い分け / • / 鳴く:鳥、犬、猫... / • / 鳴る:雷、電話、ベル、目覚まし時計
N3-vocab-0215,title_not_contiguous_in_raw_pdf_split,(が)役立つ,やくだつ,"Có ích, hữu ích","じょうほう / ・ インターネットの情報 / は、勉強や仕事 / やくだ / やくだ / やく / た / (が)役立 / つ / (に役立 / つ/の役 / に立 / つ)。 / Có ích, hữu ích / しんにゅう / しゃいん / ・ 今度の新入 / はあまり役に立たない。 / 社員"
N3-vocab-0216,title_not_contiguous_in_raw_pdf_split,(を)役立てる,やくだてる,(Sử dụng đồ) có ích,やくだ / (を)役立 / てる / ・ このお金を何かの時に役立ててください。 / (Sử dụng đồ) có ích
N3-vocab-0230,title_not_contiguous_in_raw_pdf_split,頼み・願い,たのみ・ねがい,"1. Lời thỉnh cầu,","・ 「あなたに頼みがあるんです。」 / たの / ねが / たの / 頼 / み・願 / い / 動:頼 / む / かみさま / 1. Lời thỉnh cầu, / ・ A:「神様 / 、私の願いを聞いてください!!」 / lời nhờ / 2. Điều ước / 神:「オッケ〜」 / 使い分け / • / 頼み:目下に(○) 目上(✕) / • / 願い:目下、目上、神様にも(○)"
N3-vocab-0259,title_not_contiguous_in_raw_pdf_split,夢中な,むちゅうな,"Say mê, mải miết","まんが / ・ 子どものころ、SF 漫画 / に夢中になった。 / むちゅう / う / 夢中 / な / ・ 彼は生 / まれたばかりの子どもに夢中だ。 / Say mê, mải miết / あ / ・ 彼はとてもおなかが空 / いていたのか夢中でお肉を / 食べ続けている。"
N3-vocab-0275,title_not_contiguous_in_raw_pdf_split,不満な,ふまんな,Bất mãn,"Không hài lòng, không suôn sẻ / しょうせつ / ・ この小説 / はおもしろかったが、終わり方がちょっと不満だ。 / ・ 彼に不満があるわけでないが、他に好きな人ができて / ふまん / 不満 / な / しまった。 / Bất mãn / 蓮:〜に不満(が)ある・ない / ・ 不満ばかり言っていても何も変わらない。 / 蓮:不満を言う:Bất mãn"
N3-vocab-0281,title_not_contiguous_in_raw_pdf_split,面倒な,めんどうな,"1. Lằng nhằng, rắc rối 2. Ngại, lười","意味1 / てつづ / ・ 「ご入会にはめんどうな手続 / きはいりません」。 / → やりたくない、いやだ / めんどう / 意味2 / 面倒 / な / ・ 最近、料理をするのがめんどうになった。 / 1. Lằng nhằng, rắc rối / 2. Ngại, lười / ・ 雨だから、デートに行くのが面倒だ。 / しゅっちょう / ・ 出張 / するときは、母に子供のめんどうを見て / もらっている。 / め"
N3-vocab-0285,title_not_contiguous_in_raw_pdf_split,結構な,けっこうな,・ A:「打ち合わせは月曜日の14 時からで,"意味1 / ・ A:「お味はいかがですか」 / B:「大変けっこうよ」 / けっこう / 結構 / な / ・ A:「打ち合わせは月曜日の14 時からで / よろしいですか」 / 1. Được, tốt / B:「はい、けっこうです」 / 2. Đủ rồi / 意味2 / ・ A:「コーヒーのお代わりはいかがですか」 / B:「いえ、もうけっこうです」 / 使い方 / • / いい意味:すごい / • / 悪い意味:必要ない"
N3-vocab-0286,title_not_contiguous_in_raw_pdf_split,派手な,はでな,"Loè loẹt, phô trương, sặc sỡ, quá","けしょう / ・ はでな(人/ 性格/ 服/ 化粧 / /デザイン/ 生活... ) / は / で / 派手 / な / ・この服ははですぎる。 / Loè loẹt, phô trương, / さわ / sặc sỡ, quá / ・ はでに騒 / ぐ。"
N3-vocab-0287,title_not_contiguous_in_raw_pdf_split,地味な,じみな,"1. Đơn giản, giản dị 2. Xuềnh xoàng","じ / み / せいかく / けしょう / ・ じみな(人/ 性格 / 地味 / な / / 服/ 化粧 / /デザイン/ 生活...) / 1. Đơn giản, giản dị / ・ あの人は若いのに、じみなかっこうばかりしている。 / 2. Xuềnh xoàng"
N3-vocab-0290,title_not_contiguous_in_raw_pdf_split,不思議な,ふしぎな,"1. Kì quái 2. Lạ, khác thường","意味1 / へ / や / ・ だれもいない部屋 / から声が聞こえてくるとは不思議だ。 / ふ / し / ぎ / なんかこわっ / 不思議 / な / 意味2 / 1. Kì quái / きんちょう / せいかく / ・ 緊張 / しやすい性格 / なのに、きのうのスピーチは不思議 / 2. Lạ, khác thường / (に/と)緊張しなかった。 / → 不思議(に/と)"
N3-vocab-0295,title_not_contiguous_in_raw_pdf_split,(が) 暖まる・,あたたまる・,Ấm lên,あたた / ふ / ろ / (が) 暖 / まる・ / ・ お風呂 / に入ると体が温まる。 / 対:暖かい >< 寒い / あたた / 温 / まる / 温かい >< 冷たい / Ấm lên / 使い分け / • / 暖かい:体全体 / • / 温かい:体の一部
N3-vocab-0296,title_not_contiguous_in_raw_pdf_split,(を) 暖める・,あたためる・,Làm ấm,あたた / ・ エアコンをつけて部屋を暖める。 / (を) 暖 / める・ / ・ 電子レンジでスープを温める。 / あたた / 温 / める / → レンチンする(日常) / Làm ấm
N3-vocab-0297,title_not_contiguous_in_raw_pdf_split,(が)高まる,たかまる,Tăng,目に見えるもの+_ / たいふう / ちか / なみ / たか / ・ 台風 / が近 / づき、波 / が高 / まっている。 / たか / 目に見えないもの+_ / (が)高 / まる / しけん / はじ / きんちょうかん / ・ 試験 / Tăng / が始 / まり、緊張感 / が高まる。 / きたい / / / にんき / / / かんじょう / / / かんしん / / / ひょうか / / / きょういくすいじゅん / → 期待 / / / 人気 / / / 感情 / / / 関心 / / / 評価 / 
N3-vocab-0298,title_not_contiguous_in_raw_pdf_split,(を)高める,たかめる,"Làm tăng, dâng cao","目に見えないもの+_ / たか / (を)高 / める / のうりょく / ・ 山田さんはもっとコミュニケーション能力 / を / Làm tăng, dâng cao / 高める必要がある。"
N3-vocab-0299,title_not_contiguous_in_raw_pdf_split,(が)強まる,つよまる,Mạnh lên,目に見える/見えないもの+_ / せいりょく / ・ 台風の勢力 / はますます強まっている。 / つよ / (が)強 / まる / せいりょく / :Sức ảnh hưởng / 対:勢力 / Mạnh lên / 勢力が強まる><弱まる / あめ / かぜ / ゆ / つよ / ・ 雨 / /風 / /揺 / れ...が強 / まる。
N3-vocab-0300,title_not_contiguous_in_raw_pdf_split,(を)強める,つよめる,"Đẩy mạnh, gia tăng","目に見える/ないもの+_ / つよ / じしん / (を)強 / める / ・ 火/力/自信 / を強める。 / Đẩy mạnh, gia tăng / 対:弱める"
N3-vocab-0301,title_not_contiguous_in_raw_pdf_split,(が)弱まる,よわまる,Yếu đi,目に見える/ないもの+_ / つか / ていこうりょく / よわ / ・ 疲 / れてくると抵抗力 / が弱 / まるかぜをひきやすい。 / よわ / (が)弱 / まる / ていこうりょく / :Sức đề kháng) / (抵抗力 / Yếu đi / あめ / / / ふう / / / ちから / / / せいりょく / / / えいきょう / ・・・ / ・ (雨 / / / 風 / / / 力 / / / 勢力 / / / 影響 / ... / )が弱まる。 / 対: 強まる
N3-vocab-0302,title_not_contiguous_in_raw_pdf_split,(を)弱める,よわめる,Làm yếu đi,目に見える/ないもの+_ / よわ / (を)弱 / める / ざいりょう / ・ 材料 / がやわらかくなってきたら、火を弱めて / Làm yếu đi / にこ / 煮込 / みましょう。
N3-vocab-0303,title_not_contiguous_in_raw_pdf_split,(が)広まる,ひろまる,"Lan truyền, lan rộng","目に見えないもの+_ / ひろ / (が)広 / まる / ふりん / ・ 不倫 / のうわさは1日で会社中に広まった。 / Lan truyền, lan rộng / ぎ / じゅつ / ぶっきょう / しゅうかん / はなし / ・ (〜の技 / 術 / / 仏教 / / 習慣 / / 話 / / ...)が広まった。"
N3-vocab-0304,title_not_contiguous_in_raw_pdf_split,(を)広める,ひろめる,"Lan truyền, lan rộng","目に見えないもの+_ / ひろ / (を)広 / める / せんぱい / ・ 先輩 / の(お)めでたい話を広める。 / Lan truyền, lan rộng / 使い分け / • / 身に見える を + 広げる(道、ノート、足) / が + 広がる / • / 身に見えるない を + 広げる(話、うわさ) / が + 広がる"
N3-vocab-0305,title_not_contiguous_in_raw_pdf_split,(が)深まる,ふかまる,1. Vào sâu (thời gian) 2. Sâu sắc hơn,こうよう / うつく / き / せつ / ・ 秋が深まり、紅葉 / の美 / しい季 / 節 / になった。 / ふか / きせつ / 連:時間・季節 / が深まる / (が)深 / まる / 1. Vào sâu (thời gian) / 目に見えないもの+_ / 2. Sâu sắc hơn / ゆうじょう / あいじょう / りかい / たいりつ / なか / (友情 / / 愛情 / /理解 / /対立 / /仲 / /...)が深まる。
N3-vocab-0306,title_not_contiguous_in_raw_pdf_split,(を)深める,ふかめる,Khắc sâu,目に見えないもの+_ / こうりゅう / ふか / あいて / くに / り / かい / ふか / ・ 交流 / を深 / め、相手 / の国 / のことを理 / 解 / することが / (を)深 / める / 大切だ。 / Khắc sâu / こうりゅう / ゆうじょう / あいじょう / りかい / たいりつ / なか / (交流 / / 友情 / / 愛情 / /理解 / /対立 / /仲 / /...)が深まる。
N3-vocab-0312,title_not_contiguous_in_raw_pdf_split,(お)詫び,おわび,Xin lỗi,めいわく / ・ 迷惑 / をかけた人にお詫びをした。 / ※ ごめんなさい < すみません < お詫びします / わ / (お)詫 / び / 動:詫びる / Xin lỗi / うわき / ・ 「浮気 / して申し訳ない」おわびの言葉を言う。 / うわき / :Ngoại tình) / (浮気
N3-vocab-0387,title_not_contiguous_in_raw_pdf_split,周り・回り,まわり・まわり,1. Xung quanh 2. Quanh,意味1 / ・ 周りの人 / ・ 周りをよく見る。 / まわ / まわ / り / 周 / り・回 / ・ 時計回り / 1. Xung quanh / 意味2 / 2. Quanh / いけ / さんぽ / ・ 池 / の周りを散歩 / する。≒ 周囲・周辺(N2) / こし / はか / ・ 腰 / (の)回りを測 / る。
N3-vocab-0396,title_not_contiguous_in_raw_pdf_split,当たり前,あたりまえ,Đương nhiên,おこ / ・ そんなひどいことをされたら、怒 / るのが / あ / まえ / 当 / たり前 / とうぜん / あたりまえだ。(≒ 当然 / ) / Đương nhiên / 使い分け / ・ あたりまえ ≒ ふつう → 話し言葉 / → 年上の人 ✕ / ・ とうぜん → 少し固め、書き言葉 / → 年上の人と話す ○
N3-vocab-0406,title_not_contiguous_in_raw_pdf_split,(を)愛する,あいする,Yêu,かぞく / おっと / つま / しぜん / ・ 私は(家族 / / 夫 / ・妻 / /自然 / /...)を愛してる。 / あいじょう / くだ / もの / ぬす / さる / あい / ・ / が憎い / 愛情 / たっぷりに育てた果 / 物 / を盗 / んでいった猿 / (を)愛 / する / 対:憎い / Yêu / 合:愛読書、愛国心 / → 話し言葉では使わない。少し古い表現。
N3-vocab-0407,title_not_contiguous_in_raw_pdf_split,(が)届く,とどく,"1. Đến, gửi đến 2. Chạm đến","とど / (が)届 / く / ・ 母から届いた荷物を開けたら...!? / 1. Đến, gửi đến / ほんだな / ・ 本棚 / の上のほうに手が届かない。 / 2. Chạm đến"
N3-vocab-0408,title_not_contiguous_in_raw_pdf_split,(に)届ける,とどける,"1. Gửi đến, mang đến 2. Gửi đơn","さいふ / けいさつ / ・ 道に財布 / が落ちていたので、警察 / に届ける。 / とど / ・ 住所が変わった場合は、すぐ役所に届けを / (に)届 / ける / 出してください。 / 1. Gửi đến, mang đến / じゅうしょへんこうとどけ / :Đơn thông báo đổi địa chỉ / 合:住所変更届 / 2. Gửi đơn / けっせきとどけ / :Đơn xin nghỉ ph"
N3-vocab-0411,title_not_contiguous_in_raw_pdf_split,握る,にぎる,Nắm,・ 力いっぱいにぎったおにぎりだよ。 / にぎ / 握 / る / ん~固すぎる。 / ・ 赤ちゃんがベッドの上で、手をにぎったり開いたり / Nắm / している。
N3-vocab-0412,title_not_contiguous_in_raw_pdf_split,押さえる,おさえる,Giữ,お / 押 / さえる / ふくつう / ・ あの人はお腹を押さえて座っている。腹痛 / かな... / Giữ
N3-vocab-0413,title_not_contiguous_in_raw_pdf_split,(が)近づく,ちかづく,1. Đến gần (không gian) 2. Đến gần (thời gian),意味1 / ・ 目的地(が/に)近づいてきた。 / ちか / (が)近 / づく / 意味2 / 1. Đến gần (không gian) / ・ テト休みが近づいてきた。何(を)しようかな~。 / 2. Đến gần (thời gian) / ・ 帰国の日が近づいてきた。
N3-vocab-0414,title_not_contiguous_in_raw_pdf_split,(を)近づける,ちかづける,Đưa ~ lại gần,ちか / (を)近 / づける / とつぜん / ・ 突然 / 、顔を近づけ、キスしてくれた。 / Đưa ~ lại gần
N3-vocab-0415,title_not_contiguous_in_raw_pdf_split,(が)合う,あう,"1. Chạm mắt 2. Hợp với 3. Hợp khẩu vị, vừa miệng","意味1 / ・ ふと顔を上げると、先生と目が合ってしまった。 / キュン!! / あ / (が)合 / う / 意味2 / しゅみ / ・ 彼女とは(意見/話/趣味 / /気...)が合わない。 / 1. Chạm mắt / 2. Hợp với / に / あ / ・ このスーツに合うネクタイがほしい。(≒ 似合 / う) / 3. Hợp khẩu vị, / 意味3 / vừa miệng / ・ お口に合わないかもしれませ"
N3-vocab-0416,title_not_contiguous_in_raw_pdf_split,(を)合わせる,あわせる,"1. Kết hợp (trộn) Chung sức, hợp tác Chắp tay 2. (Làm/ Điều chỉnh)","意味1 / ちょうみりょう / ・ 調味料 / っはすべて合わせておいたよ。 / あ / ・ みんなで力を合わせて最後まで頑張ろう!! / (を)合 / わせる / なが / ぼし / いの / ・ 流 / れ星 / に手を合わせて祈 / る。 / 1. Kết hợp (trộn) / Chung sức, hợp tác / 意味2 / Chắp tay / ・ (中年の私には)若い学生たち(と/に)話を合わせるのは / 2. (L"
N3-vocab-0417,title_not_contiguous_in_raw_pdf_split,(が)当たる,あたる,1. Trúng 2. Chiếu 3. Chạm trán 蓮:日が当たる (Chiếu),意味1 / わ / ・ 窓ガラスにボールが当たって割 / れてしまった。 / てんきよほう / たから / ・ (天気予報 / /かん/宝 / くじ)が当たる。 / おおあ / はず / 合:大当 / たり >< 外 / れる / あ / 意味2 / (が)当 / たる / みなみがわ / ・ 家の南側 / に大きなビルが建ったので、 / 1. Trúng / 2. Chiếu / 日が当たらなくなった。 / 3. Chạm trán / 蓮:日が当たる 
N3-vocab-0418,title_not_contiguous_in_raw_pdf_split,(を)当てる,あてる,Đặt/ Trả lời đúng,むね / ふ / かえ / ・ 胸 / に手を当てて、今日の出来事を振 / り返 / る。 / → 手を当てる:Đặt tay / あ / (を)当 / てる / ・ クイズの答えを当てようとしている。(>< はずす) / Đặt/ Trả lời đúng / → 答えを当てる:Trả lời đúng / かわ / ・ おねしょをしてしまったので布団を日に当てて、乾 / かす / → 布団を日に当てる:Đem chăn 
N3-vocab-0419,title_not_contiguous_in_raw_pdf_split,(を)比べて,くらべて,So sánh,くら / せ / の / ・ 去年(と/に)比べて、10 センチも背 / が伸 / びた。 / (を)比 / べて / So sánh / たいじゅう / ・ 彼氏にアイドルと体重 / を比べられ、けんかになった。
N3-vocab-0420,title_not_contiguous_in_raw_pdf_split,(が)似合う,にあう,Hợp/ Vừa vặn,きもの / に / あ / ・ 私と比べて、妹は着物 / がよく似合う。 / (が)似合 / う / Hợp/ Vừa vặn / ・ 彼に似合いそうなネクタイをプレゼントした。
N3-vocab-0421,title_not_contiguous_in_raw_pdf_split,(が)似る,にる,Giống/ Y như,に / (が)似 / る / ・ 彼女は母親に目がよく似ている。 / Giống/ Y như
N3-vocab-0422,title_not_contiguous_in_raw_pdf_split,(を)似せる,にせる,Bắt chước,に / かみがた / (を)似 / せる / ・ 有名人に似せた髪型 / に切ってもらったはず / だったのに... / Bắt chước
N3-vocab-0423,title_not_contiguous_in_raw_pdf_split,(が)分かれる,わかれる,Được chia ra,わ / ・ トイレは、男性用と女性用に分かれている。 / (が)分 / かれる / きつえん / Được chia ra / ・ 喫煙 / については、人々の意見が分かれている。
N3-vocab-0424,title_not_contiguous_in_raw_pdf_split,(を)分ける,わける,Chia ra,わ / (を)分 / ける / ・ ケーキを3人で分ける。 / Chia ra
N3-vocab-0425,title_not_contiguous_in_raw_pdf_split,(を)足す,たす,"Thêm vào, bổ sung","た / うす / ・ 味が薄 / かったので塩を足したら、妻とけんかになった。 / (を)足 / す / Thêm vào, bổ sung / ・ お風呂のお湯が少なくなったので、足した。"
N3-vocab-0426,title_not_contiguous_in_raw_pdf_split,(を)引く,ひく,"1. Kéo 2. Kéo, dắt 3. Kẻ, gạch 4. Trừ","意味1 / お / ・ このドアは押 / さずに、引いて開けるんですよ。 / 対: 押す / ともだち / ・ 座ろうとした友達 / のいすを引いて転ばせたら、 / 怒られた。 / 意味2 / こうえん / ・ 公園 / を彼女の手を引いて歩く。 / ひ / (を)引 / く / 意味3 / せん / 1. Kéo / ・ わからない言葉に線 / を引く。 / 2. Kéo, dắt / 3. Kẻ, gạch / 意味4 / 4. Trừ / 5. Đổ"
N3-vocab-0427,title_not_contiguous_in_raw_pdf_split,(が)増える,ふえる,Tăng lên,ふ / ちょきん / たいじゅう / じんこう / きゅうりょう / (が)増 / える / ・ (貯金 / /体重 / /人口 / /給料 / ...)が増える/ / ぞうか / 増加 / する。 / Tăng lên
N3-vocab-0428,title_not_contiguous_in_raw_pdf_split,(を)増やす,ふやす,Làm tăng thêm,ふ / (を)増 / やす / ちょきん / たいじゅう / じんこう / きゅうりょう / ・ (貯金 / /体重 / /人口 / /給料 / ...)を増やす。 / Làm tăng thêm
N3-vocab-0429,title_not_contiguous_in_raw_pdf_split,(が)減る,へる,Giảm,へ / ちょきん / たいじゅう / じんこう / きゅうりょう / (が)減 / る / ・ (貯金 / /体重 / /人口 / /給料 / ...)が減る/ / げんしょう / を減少 / する。 / Giảm
N3-vocab-0430,title_not_contiguous_in_raw_pdf_split,(を)減らす,へらす,Cắt giảm,へ / (を)減 / らす / ちょきん / たいじゅう / じんこう / きゅうりょう / ・ (貯金 / /体重 / /人口 / /給料 / ...)を減らす。 / Cắt giảm
N3-vocab-0431,title_not_contiguous_in_raw_pdf_split,(が・を)変わる,かわる,"Thay đổi (thời gian, khác trước, vị trí, trạng thái...)","きせつ / じだい / ばしょ / ほうりつ / せいかく / ・ 季節 / /時代 / /場所 / /法律 / /性格 / ...が変わる/ / か / (が・を)変 / わる / を変える。 / ・ 山田さんは社会人になって急に性格が変わった/ / か / (を)変 / える / を変える。 / Thay đổi (thời gian, / せき / ・ すみませんが、席 / が変わって・を変えてください / khác trước, vị trí,"
N3-vocab-0433,title_not_contiguous_in_raw_pdf_split,(が)返る,かえる,Được trả lại,かえ / (が)返 / る / か / ・ 友だちに貸 / したお金が返ってきた。 / Được trả lại
N3-vocab-0434,title_not_contiguous_in_raw_pdf_split,(を)返す,かえす,Trả lại,かえ / いない / としょかん / (を)返 / す / ・ この本は2週間以内 / に図書館 / に返さなければならない。 / Trả lại
N3-vocab-0435,title_not_contiguous_in_raw_pdf_split,(に・を)譲る,ゆずる,"1. Nhường (Lợi ích, quyền lợi) 2. Nhượng (Bán lại, để lại)","ゆず / (に・を)譲 / る / でんしゃ / ・ 電車 / の中で、お年よりに席をゆずった。 / 1. Nhường (Lợi ích, / quyền lợi) / か / ぐ / ともだち / ・ 帰国するので、家具 / を友達 / に安くゆずった。 / 2. Nhượng (Bán lại, / để lại) / ざいさん / ・ 財産 / を子供に譲る。 / 3. Bàn giao lại"
N3-vocab-0436,title_not_contiguous_in_raw_pdf_split,(が)助かる,たすかる,"1. Được trợ giúp, được cứu 2. Hữu ích","意味1 / ひこうき / ・ 飛行機 / が落ちたが、全員が助かった。 / たす / (が)助 / かる / 意味2 / 1. Được trợ giúp, / được cứu / ぶっか / ・ この辺は物価 / が安いのでとても助かっている。 / 2. Hữu ích / しょるい / ・ 「その書類 / 、コピーしてきますか」 / 「ありがとう、助かります」"
N3-vocab-0437,title_not_contiguous_in_raw_pdf_split,(を)助ける,たすける,1. Cứu 2. Giúp đỡ,意味1 / お / ・ 川に落 / ちた子どもを助けた。(≒ 救助する − N2) / たす / ・ 誰か助けを呼んでください! / (を)助 / ける / もと / ・ 助けを求 / める → 書き言葉 / 1. Cứu / 2. Giúp đỡ / 意味2 / ・ 困っていると、友だちが助けてくれた。
N3-vocab-0440,title_not_contiguous_in_raw_pdf_split,(を)盗む,ぬすむ,Lấy trộm,るすちゅう / ・ 留守中 / にどろぼうに入られて、お金を盗まれて / ぬす / しまった。 / (を)盗 / む / 名:盗み / Lấy trộm / → 盗みをする/はたらく(△)
N3-vocab-0441,title_not_contiguous_in_raw_pdf_split,(が)刺さる,ささる,"Bị đâm, mắc","ゆび / いた / さ / ・ 指 / にとげが刺さった...痛 / い! / (が)刺 / さる / したい / ・ ナイフが刺さった死体 / を見てしまった。 / Bị đâm, mắc"
N3-vocab-0442,title_not_contiguous_in_raw_pdf_split,(を)刺す,さす,"Đâm, mắc","さ / (を)刺 / す / ・ 歩いていたら、いきなり知らない男に刺された。 / Đâm, mắc"
N3-vocab-0443,title_not_contiguous_in_raw_pdf_split,(を)殺す,ころす,"Giết, sát hại","・ ゴキブリをスリッパでたたいて殺した。 / ころ / (を)殺 / す / さつじん / じけん / :Vụ giết người / 関:殺人 / 事件 / Giết, sát hại / じさつ / じけん / :Vụ tự sát / 自殺 / 事件"
N3-vocab-0444,title_not_contiguous_in_raw_pdf_split,(が)隠れる,かくれる,"Núp, ẩn náu","かく / (が)隠 / れる / に / はんにん / あ / や / ・ 逃 / に隠れていた。 / げた犯人 / は空 / き家 / Núp, ẩn náu"
N3-vocab-0445,title_not_contiguous_in_raw_pdf_split,(を)隠す,かくす,Giấu,おく / ・ お金を引き出しの奥 / に隠した。 / かく / (を)隠 / す / かぜ / つよ / ・ 風 / が強 / いので彼女のスカートがめくれたが、すぐ顔を / Giấu / かくしてしまった。見ればよかったー。
N3-vocab-0446,title_not_contiguous_in_raw_pdf_split,(が)埋まる,うまる,Bị chôn vùi,う / (が)埋 / まる / くず / ・ 山が崩 / れて家がうまってしまった。 / Bị chôn vùi
N3-vocab-0447,title_not_contiguous_in_raw_pdf_split,(を)埋める,うめる,"1. Chôn, chôn lấp 2. Tô kín (Lấp chỗ trống)","意味1 / ほ / ・ あなを掘 / ってごみをうめた。 / う / (を)埋 / める / すな / ・ 彼を砂 / にうめた。 / 1. Chôn, chôn lấp / 意味2 / 2. Tô kín (Lấp / chỗ trống) / かいとうらん / ぜんぶ / ・ (テストで)解答欄 / はいちおう全部 / うめたが、 / じしん / 自信 / がない"
N3-vocab-0448,title_not_contiguous_in_raw_pdf_split,(を)囲む,かこむ,1.Vây quanh 2.Bao quanh,かこ / (を)囲 / む / ・ テーブルを囲んで座る。 / 1.Vây quanh / ・ 日本は海に囲まれている。 / 2.Bao quanh
N3-vocab-0449,title_not_contiguous_in_raw_pdf_split,(が)詰まる,つまる,"Đầy chặt, kín mít/ Tắc","・ 荷物が + 詰まっていて重い。 / らいしゅう / よてい / 来週 / まで予定 / が + 詰まっている。 / つ / (が)詰 / まる / トイレが + 詰まった! / Đầy chặt, kín mít/ Tắc / せんしゅ / せんしゅ / ・ 前の選手 / と後ろの選手 / の差がつまってきた。 / 連:差が詰まる:Khoảng cách được rút ngắn"
N3-vocab-0450,title_not_contiguous_in_raw_pdf_split,(を)詰める,つめる,1. Nhét/ Nhồi/ Lèn 2. Rút ngắn,意味1 / ・ かばんに荷物をつめる。 / べんとうばこ / ・ 弁当箱 / にごはんをつめる。 / つ / (を)詰 / める / ちしき / を詰め込む:Nhồi nhét kiến thức / 合:知識 / 1. Nhét/ Nhồi/ Lèn / 2. Rút ngắn / 意味2 / きょり / ・ 前の車との距離 / をつめる。 / たけ / ・ ズボンの(ウエスト/丈 / )をつめる。
N3-vocab-0451,title_not_contiguous_in_raw_pdf_split,(が・を)開く,ひらく,"1. Mở 2. Mở rộng (khoảng cách) 3. Mở (khai trương),","・ ドアが開く。 / ひら / カーテンを開く。 / (が・を)開 / く / 花が開く。(△) / 1. Mở / 本を開いて読む。 / 2. Mở rộng / ・ 1 位と2 位の差が、どんどん開いていった。 / (khoảng cách) / 3. Mở (khai trương), / かいぎ / ・ (会/パーティー /会議 / )を開く。 / tổ chức / えきまえ / 父は駅前 / にクリーニング店を開いた"
N3-vocab-0452,title_not_contiguous_in_raw_pdf_split,(が・を)閉じる,とじる,1. Đóng 2. Đóng cửa (ngừng kinh doanh),・ エレベーターのドアが閉じた。 / と / (が・を)閉 / じる / 寒いのでドアを閉じた。 / もん / 公園の門 / は夜になる閉じられる。 / 1. Đóng / 2. Đóng cửa (ngừng / ・ 売り上げが減ったので、店を閉じることにした。 / kinh doanh) / 対:開く / 使い分け / • / 本/目を閉じる。 / かぎ / ふた / • / 鍵 / /蓋 / を閉める。
N3-vocab-0453,title_not_contiguous_in_raw_pdf_split,(が)飛ぶ,とぶ,"1. Bay 2. Bắn 3. Lao đến, phi đến 4. Bay đến, bay sang","とり / そら / ・ 鳥 / が空 / を飛んでいる。 / ボールが飛んできて、頭に当たった。 / と / (が)飛 / ぶ / しる / ・ みかんの汁 / が飛ぶ。 / 1. Bay / じ / こ / びょういん / ・ 子どもが事故 / にあったと聞いて病院 / へ飛んで行った。 / 2. Bắn / 3. Lao đến, phi đến / お / ・ 彼女は彼を追 / ってパリへ飛んだ。 / 4. Bay đến, bay sang / し"
N3-vocab-0454,title_not_contiguous_in_raw_pdf_split,(を)飛ばす,とばす,1. Làm bay/ Thả bay 2. Bắn 3. Bay 4. Bỏ qua,かみ / ひこうき / ・ 紙 / 飛行機 / を飛ばす。 / と / (を)飛 / ばす / ふうせん / 風船 / を飛ばす。 / 1. Làm bay/ Thả bay / ・ つばを飛ばして話す。 / 2. Bắn / かぜ / せん / 3. Bay / ・ 風 / で洗 / たく物が飛ばされてしまった。 / 4. Bỏ qua / ぶんしょう / ・ 文章 / を1行飛ばして読んでしまった。
N3-vocab-0455,title_not_contiguous_in_raw_pdf_split,(を)振る,ふる,"1. Vẫy, rung, lắc (đầu, cổ,...) 2. Lắc (đồ uống) 3. Rắc","ふ / (を)振 / る / ・ 手/しっぽ/首をふる。 / ・ 「この飲み物は、よくふってからお飲みください。」 / 1. Vẫy, rung, lắc / (đầu, cổ,...) / しお / ・ 肉に塩 / をふる。 / 2. Lắc (đồ uống) / かた / おも / かのじょ / こくはく / 3. Rắc / ・ 片 / 思 / いの彼女 / に告白 / したが、ふられてしまった。 / 4. Từ chối"
N3-vocab-0457,title_not_contiguous_in_raw_pdf_split,(を)見かける,みかける,1. Tình cờ nhìn thấy 名:見かけ(≒ 見た目): Vẻ ngoài 2. Nhìn thấy,意味1 / まち / ぐうぜん / むかし / とも / ・ 街 / で偶然 / 、昔 / の友 / だちを見かけた。 / み / 意味2 / (を)見 / かける / さいきん / こうしゅう / でんわ / ・ 最近 / 、公衆 / 電話 / を見かけなくなった。 / 1. Tình cờ nhìn thấy / 名:見かけ(≒ 見た目): Vẻ ngoài / 2. Nhìn thấy / ・ このりんごは見かけは甘そうだったが、食べてみると / す
N3-vocab-0458,title_not_contiguous_in_raw_pdf_split,(を)確かめる,たしかめる,Xác nhận,"・ メールが届いたかどうか、相手に電話して確かめた。 / さんかにんずう / ・ 飲み会の参加人数 / を確かめた。 / たし / 関:確かな:Chính xác / (を)確 / かめる / 新聞に聞かれてあったから確かな情報だ。 / Xác nhận / かくにん / する:Kiểm tra, xác nhận / 類:確認 / 事実を確認する。"
N3-vocab-0459,title_not_contiguous_in_raw_pdf_split,(を)試す,ためす,Thử,ため / ようふく / に / あ / ・ 洋服 / うかどうか、着て試してみた。 / が似合 / (を)試 / す / 関:試しに / Thử
N3-vocab-0460,title_not_contiguous_in_raw_pdf_split,(を)繰り返す,くりかえす,Lặp lại,く / かえ / (を)繰 / り返 / す / ・ この本は大好きなので、繰り返し読みました。 / Lặp lại
N3-vocab-0461,title_not_contiguous_in_raw_pdf_split,(を)訳す,やくす,Dịch,・ 英語を日本語に訳す。 / 名:訳 / やく / (を)訳 / す / ・ 英語の文に日本語の訳をつける。 / Dịch / ほんやく / 類:文字を翻訳 / (を)する。 / つうやく / 会話を通訳 / (を)する。
N3-vocab-0462,title_not_contiguous_in_raw_pdf_split,(を) 行う,おこなう,"Tổ chức, tiến hành","おこな / しけん / かいぎ / ・ (試験 / /会議 / /スピーチ/イベント...)を行う。 / (を) 行 / う / あらた / Tổ chức, tiến hành / ※「する」より改 / まった言い方"
N3-vocab-0463,title_not_contiguous_in_raw_pdf_split,(が・を)間違う,まちがう,"Sai, nhầm","けいさん / まちが / ・ この計算 / は間違っている。 / (が・を)間違 / う / Sai, nhầm / ・ お金があれば幸せになれるというのは間違った考えだ。"
N3-vocab-0464,title_not_contiguous_in_raw_pdf_split,(を)間違える,まちがえる,"Làm sai, nhầm","まちが / ・ テストの答え・簡単な計算を間違えた。 / (を)間違 / える / しお / ・ 塩 / とさとうを間違えてなべに入れてしまった。 / Làm sai, nhầm"
N3-vocab-0465,title_not_contiguous_in_raw_pdf_split,(を)許す,ゆるす,1.Tha thứ,意味1 / うわ / き / ・ 彼女に浮 / 気 / されてけんかになったが、 / (彼女のことが)好きなので許してあげた。 / ゆる / (を)許 / す / 意味2 / ・ 子供だからといって、何をしても許される / 1.Tha thứ / わけではない。(≒ 許可) / 2.Cho phép / ・ 子供には、1日1時間だけゲームをすることを / 許している。 / きょ / か / 類:許 / 可 / をもらう
N3-vocab-0466,title_not_contiguous_in_raw_pdf_split,(を)慣れる,なれる,Quen với,・ だんだん日本の生活にも慣れてきた。 / な / くつ / ・ はき慣れた靴 / なので、何時間でも歩ける。 / (を)慣 / れる / ・ 使い慣れたペンをなくしてしまった。 / Quen với / ひ / こ / ・ 住み慣れた町なので、引 / っ越 / したくない。
N3-vocab-0467,title_not_contiguous_in_raw_pdf_split,(が)慣らす,ならす,Làm cho quen với,ふじさん / のぼ / ひく / ・ 富士山 / に登 / る前には、低 / い山で体を慣らしたほうが / な / (が)慣 / らす / いいらしい。 / Làm cho quen với / ・ 犬を慣らして散歩します。
N3-vocab-0468,title_not_contiguous_in_raw_pdf_split,(が)立つ,たつ,1.(Người) Đứng,"た / (が)立 / つ / なまえ / ・ 「名前 / を呼ばれたら立ってください。」 / 1.(Người) Đứng / かんばん / ・ 店の前に大きな看板 / が立っている。 / 2.Được dựng / おか / うえ / ・ 丘 / の上 / に白いホテルが立っている。 / 3.(Vật) Đứng, ở"
N3-vocab-0469,title_not_contiguous_in_raw_pdf_split,(を)立てる,たてる,1. Dựng 2. Dựng đứng,はら / た / ・ うまく話せない自分に腹 / を立てる。 / (を)立 / てる / げんかん / かさ / お / 1. Dựng / ・ 玄関 / のかさ立てに傘 / を置 / く。 / 2. Dựng đứng
N3-vocab-0470,title_not_contiguous_in_raw_pdf_split,(が)建つ,たつ,Được xây dựng,た / (が)建 / つ / ・ 家の前に大きなマンションが建った。 / Được xây dựng
N3-vocab-0471,title_not_contiguous_in_raw_pdf_split,(を)建てる,たてる,Xây dựng,た / としん / ・ 都心 / に家を建てるには、どんなに安くても / (を)建 / てる / 5000 万円はかかる。 / Xây dựng / 使い分け / • / 立てる:まっすぐにする / たてもの / • / 建てる:建物 / をつくる
N3-vocab-0472,title_not_contiguous_in_raw_pdf_split,(が)育つ,そだつ,"1. Lớn, phát triển 2. Lớn, được nuôi dạy","意味1 / こめ / ・ 雨が多い年は、米 / がよく育つそうだ。 / そだ / せいちょう / (≒ 成長 / している) / (が)育 / つ / 意味2 / 1. Lớn, phát triển / おや / こども / げんき / のぞ / 2. Lớn, được nuôi dạy / ・ 親 / は子供 / が元気 / に育つのを望 / んでいる。 / ゆうしゅう / けんきゅうしゃ / ・ あの大学では優秀 / な研究者 / がたくさん育っている"
N3-vocab-0473,title_not_contiguous_in_raw_pdf_split,(を)育てる,そだてる,"1. Nuôi dạy 2. Nuôi trồng 3. Đào tạo, dạy dỗ","・ 私の母は1人で5人の子どもを育てあげた。 / そだ / (を)育 / てる / のうか / ・ このレタスは、農家 / の人たちが心をこめて育てた / 1. Nuôi dạy / やさい / 野菜 / だ。 / 2. Nuôi trồng / じんざい / 3. Đào tạo, dạy dỗ / ・ あの会社は人材 / を育てるのが上手だ。"
N3-vocab-0474,title_not_contiguous_in_raw_pdf_split,(が)生える,はえる,"Mọc, lớn","は / (が)生 / える / かみ / は / くさ / ・ 髪 / 、ひげ、歯 / 、草 / 、かび...が生える / Mọc, lớn"
N3-vocab-0475,title_not_contiguous_in_raw_pdf_split,(を)生やす,はやす,Nuôi,は / (を)生 / やす / ・ 家で働くので、ひげを生やしてみた。 / Nuôi
N3-vocab-0476,title_not_contiguous_in_raw_pdf_split,(が)汚れる,よごれる,Bị bẩn,・ 車が汚れていたので車を洗ったら、次の日、 / きたな / 雨が降った。(≒ 汚 / い) / よご / れ:Vết bẩn / 名:汚 / よご / (が)汚 / れる / 服に汚れがつく。 / Bị bẩn / せんざい / 洗剤 / で服の汚れが落ちる。 / 服についた汚れを落とす。
N3-vocab-0477,title_not_contiguous_in_raw_pdf_split,(を)汚す,よごす,Làm bẩn,よご / (を)汚 / す / ・ 川の水を汚さないようにしよう。 / Làm bẩn
N3-vocab-0478,title_not_contiguous_in_raw_pdf_split,(が)壊れる,こわれる,Bị hỏng,こわ / (が)壊 / れる / いえ / か / ぐ / でんき / せいひん / ・ (家 / /スマホ...)が壊れる。 / /家具 / /電気 / 製品 / Bị hỏng
N3-vocab-0479,title_not_contiguous_in_raw_pdf_split,(を)壊す,こわす,Làm hỏng,こわ / (を)壊 / す / ・ 買ったばかりのスマホを落として壊してしまった...。 / Làm hỏng
N3-vocab-0480,title_not_contiguous_in_raw_pdf_split,(が)割れる,われる,"1.Vỡ, nứt","わ / れる / (が)割 / しんぶんし / つつ / ・ (ガラス/お皿/コップ...)が割れないように新聞紙 / で包 / む。 / 1.Vỡ, nứt / ひつじ / ・ 羊 / のひづめは先が二つに割れている。 / 2.Chia, rẽ ra"
N3-vocab-0481,title_not_contiguous_in_raw_pdf_split,(を)割る,わる,"1.Làm vỡ 2.Chia, tách 3.Chia","意味1 / ・ 思い出の(ガラス/皿/コップ...)を割ってしまった。 / わ / 意味2 / (を)割 / る / ・ 肉まんを半分に割って食べた。 / 1.Làm vỡ / 意味3 / 2.Chia, tách / ・ 10 を5でわると2になる。 / 3.Chia / 10 わる5は2だ。 / わ / ざん / → 割 / り算"
N3-vocab-0482,title_not_contiguous_in_raw_pdf_split,(が)折れる,おれる,Bị gãy,お / (が)折 / れる / かさ / ・ 風が強いので傘 / が折れた。 / Bị gãy
N3-vocab-0483,title_not_contiguous_in_raw_pdf_split,(を)折る,おる,Làm gãy,ころ / ほね / ・ スノボで転 / んで、足の骨 / を折った。 / お / (を)折 / る / びん / ふうとう / ・ 便 / せんを三つ折りにして封筒 / に入れた。 / Làm gãy / お / がみ / :Gấp giấy nghệ thuật / 合:折 / り紙
N3-vocab-0484,title_not_contiguous_in_raw_pdf_split,(が)破れる,やぶれる,Bị rách,やぶ / (が)破 / れる / かみ / ぬの / ・ (紙 / /本/布 / /服...)が破れる。 / Bị rách / かみ / ぬの / やぶ / ・ (紙 / /本/布 / /服...)を破れる。 / (を)破 / る / Làm rách
N3-vocab-0485,title_not_contiguous_in_raw_pdf_split,(を)破る,やぶる,"1. Thất hứa, không tuân thủ 2. Phá (kỷ lục)","やぶ / (を)破 / る / やくそく / きそく / ・ (約束 / /規則 / ...)を破る。>< を守る / 1. Thất hứa, / すい / えい / き / ろく / ・ 水 / 泳 / の世界記 / 録 / が破られた。 / không tuân thủ / 2. Phá (kỷ lục)"
N3-vocab-0486,title_not_contiguous_in_raw_pdf_split,(が)曲がる,まがる,"1.Cong, uốn lượn Lệch/ Còng 2.Rẽ","意味1 / ・ 曲がった道。 / ま / (が)曲 / がる / ・ 「ネクタイが曲がっていますよ。」 / こし / ま / 1.Cong, uốn lượn / ・ 腰 / の曲 / がったおばあさん。 / Lệch/ Còng / 意味2 / 2.Rẽ / ・ 「この角を右に曲がって50m ほど行くと、病院が / あります。」"
N3-vocab-0487,title_not_contiguous_in_raw_pdf_split,(を)曲げる,まげる,Uốn,ま / (を)曲 / げる / はりがね / こし / ・ (針金 / /ひざ/腰 / ...)を曲げる。 / Uốn
N3-vocab-0488,title_not_contiguous_in_raw_pdf_split,(が)外れる,はずれる,"1. Chệch, lệch, không trúng 2. Loại ra/ Bị loại ra","意味1 / てんきよほう / ・ 天気予報 / がはずれる。 / たから / 宝 / くじがはずれた。 / よそう / 予想 / を外す。 / や / まと / はず / 矢 / が的 / を外れる。 / (が)外 / れる / 名:はずれ >< 当たり / はず / 意味2 / (を)外 / す / せんしゅ / ・ けがをした選手 / は、チームのメンバーから / 1. Chệch, lệch, / không trúng / はずれた。 / 2. Loại ra/ / "
N3-vocab-0489,title_not_contiguous_in_raw_pdf_split,(が)揺れる,ゆれる,"1. Rung, lung lay 2. Dao động","ゆ / (が)揺 / れる / は / ・ 風で木の葉 / が揺れている。 / けっこん / 1. Rung, lung lay / ・ 彼と結婚 / するかしないか、気持ちが揺れている。 / 2. Dao động"
N3-vocab-0490,title_not_contiguous_in_raw_pdf_split,(を)揺らす,ゆらす,"1.Rung, lung lay 2.Dao động","ゆ / (を)揺 / らす / ゆ / ・ 子どもの乗ったブランコを揺 / らしてあそばせた。 / 1.Rung, lung lay / 2.Dao động"
N3-vocab-0491,title_not_contiguous_in_raw_pdf_split,(が)流れる,ながれる,"1. Chảy 2. Trôi/ Thả trôi, xả 3. Bật nhạc 4. Lan truyền","意味1 / あせ / なみだ / ち / ・ (汗 / /涙 / /血 / )が流れる。 / なが / (が)流 / れる / 意味2 / ・ 川にたくさんのごみが流れている。 / なが / ・ トイレの水を流す。 / (を)流 / す / 意味3 / 1. Chảy / ・ 彼の部屋にはいつも音楽が流れている。 / 2. Trôi/ Thả trôi, xả / 3. Bật nhạc / 意味4 / 4. Lan truyền / じょうほう / ・ "
N3-vocab-0492,title_not_contiguous_in_raw_pdf_split,(が)濡れる,ぬれる,Ướt,ぬ / ・ 水がこぼれて、服が濡れてしまった。(自) / (が)濡 / れる / 水をこぼして、服をぬらしてしまった。(他) / Ướt / ぬ / か / ぜ / (を)濡 / らす / ・ 雨に濡れて、風邪 / をひいた。 / Làm ướt
N3-vocab-0494,title_not_contiguous_in_raw_pdf_split,(に)悩む,なやむ,Trăn trở với ~,"くる / こい / ・ 彼女は苦 / しい恋 / に悩んでいる。 / 名:悩み:Phiền não, trăn trở / なや / (に)悩 / む / 最近、仕事のことで悩みがある。 / Trăn trở với ~ / とく / ><特 / に悩みがない / みんなに悩みを打ち明ける。 (N2)"
N3-vocab-0495,title_not_contiguous_in_raw_pdf_split,(が)慌てる,あわてる,"Hoảng loạn, vội vội vàng vàng","あわ / (が)慌 / てる / おおあわ / ・ 学校に遅れそうになって、大慌 / てで家を出た。 / Hoảng loạn, / vội vội vàng vàng"
N3-vocab-0496,title_not_contiguous_in_raw_pdf_split,が覚める,さめる,Tỉnh giấc,さ / が覚 / める / さくや / あつ / よなか / ・ 昨夜 / に何度も目が覚めた。 / は暑 / くて、夜中 / Tỉnh giấc / さ / ・ 目を覚ますともう10 時だった。 / を覚 / ます / Thức dậy
N3-vocab-0498,title_not_contiguous_in_raw_pdf_split,(を)祈る,いのる,Cầu nguyện,いの / (を)祈 / る / けんこう / かみ / ・ 家族の健康 / に祈った。 / を神 / Cầu nguyện
N3-vocab-0499,title_not_contiguous_in_raw_pdf_split,(を)祝う,いわう,Chúc mừng,しんねん / たんじょうび / せいこう / かんぱい / ・ (新年 / /誕生日 / /成功 / ...)を祝って乾杯 / した。 / いわ / 名:N + 祝い / (を)祝 / う / 結婚の(お)祝いにワイングラスをもらった。 / Chúc mừng / にゅうがく / けっこん / たんじょう / 入学 / 祝い、結婚 / 祝い、誕生 / 祝い。
N3-vocab-0500,title_not_contiguous_in_raw_pdf_split,(を)感じる,かんじる,・ 感じがする:Cảm thấy ~,さむ / いた / くうふく / あま / ・ (寒 / さ/痛 / み/空腹 / /甘 / み/ゆれ...)を感じる。 / しあい / せきにん / ・ 私のミスで試合 / に負けてしまい、責任 / を感じている。 / → 責任感が強い人 / ちちおや / あいじょう / ・ あの父親 / には子どもへの愛情 / が感じられない。 / かん / (を)感 / じる / ・ 感じがする:Cảm thấy ~ / 彼女は少し冷たい感じがする。 / Cảm g
N3-vocab-0542,title_not_contiguous_in_raw_pdf_split,薄い,うすい,Mỏng,うす / 薄 / い / あつ / ・ 薄く切った肉 >< 厚 / く切った肉 / Mỏng
N3-vocab-0543,title_not_contiguous_in_raw_pdf_split,酸っぱい,すっぱい,Chua,・ このみかん、すっぱい!!! / す / 酸 / っぱい / あまず / っぱい:Buồn vui lẫn lộn / 合:甘酸 / Chua / はつこい / あまず / 初恋 / を思い出して、甘酸 / っぱい気持ちになる。
N3-vocab-0548,title_not_contiguous_in_raw_pdf_split,親しい,したしい,Thân thiết,ははおや / どうし / しんゆう / かぞく / ・ 母親 / 同士 / が親友 / なので、家族 / みんなで親しく / した / 親 / しい / つき合っている。 / Thân thiết / なかよ / = 仲良 / く
N3-vocab-0549,title_not_contiguous_in_raw_pdf_split,詳しい,くわしい,"1. Chi tiết 2. Biết rõ, am hiểu về...","ち / ず / ・ この地図 / くわ / はスーパーまでの道がとてもくわしく / 詳 / しい / 書かれている。 / 1. Chi tiết / ・ 姉はアイドルにとてもくわしいです。 / 2. Biết rõ, am hiểu về..."
N3-vocab-0556,title_not_contiguous_in_raw_pdf_split,清潔(な),せいけつ(な),Sạch sẽ,・ トイレはいつも清潔にしておきたい。 / せいけつ / 清潔 / (な) / せいけつかん / 合:清潔感 / がある人はモテる / Sạch sẽ / ふけつ / ひと / ) / >< 清潔感がない人(≒ 不潔 / な人
N3-vocab-0557,title_not_contiguous_in_raw_pdf_split,新鮮(な),しんせん(な),"1. Tươi, sống (đồ ăn) 2. Tươi mới (không khí) 3. Tươi mới (tâm trạng)","・ 新鮮な魚はおいしい。 / しんせん / 新鮮 / (な) / たも / 「この冷蔵庫は野菜の新鮮さを保 / ちます」 / 1. Tươi, sống (đồ ăn) / むねいっぱい / す / ・ 山で新鮮な空気を胸一杯 / に吸 / いこんだ。 / 2. Tươi mới (không khí) / 3. Tươi mới (tâm trạng) / むか / ・ 新鮮な気持ちで新学期を迎 / えた。"
N3-vocab-0558,title_not_contiguous_in_raw_pdf_split,豊か(な),ゆたか(な),"Giàu có, phong phú","・ 人生をより豊かに生きるためにはどうしたらいいか考える。 / そうぞう / りょく / ・ 彼女は想像 / 力 / が豊かだ。 / ゆた / 豊 / か(な) / しげん / しぜん / みどり / く / こころ / さいのう / こせい / ・ 豊かな(資源 / /自然 / /緑 / /暮 / らし/心 / /才能 / /個性 / / / Giàu có, phong phú / ひょうじょう / かんせい / ひょうげん / 表情 / /感性 / /表現 / ...) / こ"
N3-vocab-0559,title_not_contiguous_in_raw_pdf_split,立派(な),りっぱ(な),"1. Tuyệt vời 2. Ra dáng, tuyệt vời","りっぱ / せいせき / 立派 / (な) / ・ りっぱな(人/仕事/成績 / /行動/建物...)ですね。 / ・ あなたもりっぱな大人なんだから、自分のことは / 1. Tuyệt vời / 2. Ra dáng, / 自分で決めなさい。 / tuyệt vời"
N3-vocab-0560,title_not_contiguous_in_raw_pdf_split,正確(な),せいかく,Chính xác,"合:+) 正確な + 情報:Chính xác (đi kèm với thông tin) / かず / ひき / 正確な数 / はわからないが、犬が30匹 / ほどが / せいかく / (な) / 正確 / 集まってきた。 / +) 時間に正確な:Chính xác, chuẩn giờ / Chính xác / ぜったい / おく / 山本さんは時間に正確で、待ち合わせに絶対 / 遅 / れない。"
N3-vocab-0563,title_not_contiguous_in_raw_pdf_split,必要な,ひつような,Cần thiết,ぎん / こう / こう / ざ / み / ぶん / しょう / ・ レジットカードを作るには、銀 / 行 / 口 / 座 / と身 / 分 / 証 / が / 必要だ。 / 名:必要:Cần thiết / ひつよう / 必要 / な / 小学校で英語を教える必要があるのだろうか。 / Cần thiết / 「必要があれば、このコピー機を使ってください」 / ひつようせい / :Tính cần thiết / 合:必要性 / ひつようせい / ・ 日本で仕
N3-vocab-0567,title_not_contiguous_in_raw_pdf_split,激しい,はげしい,"Mạnh, mãnh liệt,","蓮:激しく + V / はげ / 激 / しい / にゅうし / しっぱい / ・ 入試 / に失敗 / して、今まで勉強しなかったことを / こうかい / Mạnh, mãnh liệt, / 激しく後悔 / した。 / dữ dội, cực kỳ"
N3-vocab-0575,title_not_contiguous_in_raw_pdf_split,可能な,かのうな,Có khả năng (Có khả năng) >< (Không khả năng),かがく / しんぽ / ・ 科学 / の進歩 / で、今まで不可能だったことも可能になった。 / かのうせい / :Tính khả thi / 合:可能性 / かのう / せいせき / きぼう / この成績 / なら希望 / の大学に合格できる可能性が高い。 / 可能 / な / 合: 可能がある >< 可能がない / Có khả năng / (Có khả năng) >< (Không khả năng) / 可能が大きい
N3-vocab-0576,title_not_contiguous_in_raw_pdf_split,不可能な,ふかのうな,Không có khả năng,ふかのう / 不可能 / な / ・ この宿題を1時間で終わらせるのは不可能だ。 / Không có khả năng / 使い分け / • / 無理だ(主観的) / • / 不可能(客観的)
N3-vocab-0600,title_not_contiguous_in_raw_pdf_split,あっと言う間(に),あっというま,"Loáng một cái/ Trong nháy mắt, trong khoảnh khắc","い / ま / せいちょう / ・ うちの子どもの成長 / は早い。あっという間に、 / あっと言 / う間 / (に) / しゃ / かい / じん / もう社 / 会 / 人 / だった。 / Loáng một cái/ / ・ 駅でかばんをとられてしまった。あっという間の / Trong nháy mắt, / できごとだった。 / trong khoảnh khắc"
N3-vocab-0604,title_not_contiguous_in_raw_pdf_split,相変わらず,あいかわらず,Như mọi khi,あいか / 相変 / わらず / ・ 昔、好きだったあの人は今もあいかわらずきれいだ。 / Như mọi khi
N3-vocab-0605,title_not_contiguous_in_raw_pdf_split,次々に/と,つぎつぎに/と,Liên tục,しょくひん / ・ おもしろい味のインスタント食品 / が次々に / つぎつぎ / 次々 / に/と / はつばい / 発売 / されている。 / Liên tục / さくひん / はっぴょう / ・ (小説)次々と新しい作品 / を発表 / している。
N3-vocab-0656,title_not_contiguous_in_raw_pdf_split,出来事,できごと,1. Sự kiện 2. Sự việc,で / き / ごと / 出 / 来 / 事 / ・ 結婚は、私の人生の中でも大きなできごとだ。 / 1. Sự kiện / きろく / ・ 毎日のできごとをスマホに記録 / する。 / 2. Sự việc
N3-vocab-0661,title_not_contiguous_in_raw_pdf_split,(を)やり取り,やりとり,Trao đổi,じょうほう / ・ メール/line/情報 / のやりとりから、彼女との / と / (を)やり取 / り / 付き合いは始まりました。 / こうかん / Trao đổi / 類:交換
N3-vocab-0706,title_not_contiguous_in_raw_pdf_split,(が)上る,のぼる,1. Leo lên 2. Bay lên,かいだん / さか / かわ / とうきょう / ・ (階段 / /坂 / /川 / /東京 / タワー...)を上る。 / のぼ / (が)上 / る / けむり / そら / ・ 煙 / が空 / に上る。 / 1. Leo lên / すう / じ / のぼ / る:Lên tới / 合:数 / 字 / + 上 / 2. Bay lên / じしん / ししゃ / 地震 / の死者 / は、7000 人に上った。(N2)
N3-vocab-0707,title_not_contiguous_in_raw_pdf_split,(が)下る,くだる,Đi xuống,さか / くだ / ・ (坂 / /川/山...)を下 / る。 / かいだん / くだ / ・ 階段 / を下 / る。 (△) / くだ / お / 階段を降 / りる。(◯) / (が)下 / る / くだ / みち / 名:下 / り道 / Đi xuống / くだ / れっしゃ / くだ / 下 / り列車 / (△)→ 下 / り電車
N3-vocab-0708,title_not_contiguous_in_raw_pdf_split,(が)進む,すすむ,・ A:工事,"意味1 / ちょう / じょう / ・ 頂 / 上 / を目指して進む。 / ふまえ / ・ 「1歩前 / にお進みください。」 / ・ 「あと一歩、前へ進め!!」 / さ / 対:下 / がる / 意味2 / すす / (が)進 / む / こうじ / よ / てい / どお / ・ A:工事 / は予 / 定 / 通 / り進んでいますか? / すす / B:はい。予定通り進んでいます。 / (を)進 / める / ・ 会議の準備を進める。 / 1. Tiến đến, ti"
N3-vocab-0709,title_not_contiguous_in_raw_pdf_split,(が)通る,とおる,意味4:火が通る:Chín,"意味1:Qua lại / ・ この道は車がたくさん通る。 / 意味2:Đi qua, xỏ qua / かい / さつ / ・ 改 / 札 / を通ってホームに上がる。 / はり / いと / ・ 針 / に糸 / を通す。 / 意味3:Đi qua, chạy qua / おおどお / り (Đường lớn) / 合:大通 / 大通りを歩く。 / ま / ・ 私の町の真 / とお / ん中には大きな川が通っている。 / (が)通 / る / と"
N3-vocab-0711,title_not_contiguous_in_raw_pdf_split,(が)過ぎる,すぎる,"1. Đi qua 2. Quá, vượt quá","意味1 / ひろ / しま / ・ 電車は広 / 島 / 駅を過ぎた。(乗っている) / す / ・ 電車が通り過ぎていった。(見てる) / (が)過 / ぎる / こう / しん / ・ デモ行 / 進 / が過ぎて行った。(△) / 1. Đi qua / 2. Quá, vượt quá / 意味2:時間 + 過ぎる / ・ 約束の時間(が/を)過ぎても友だちは来なかった。 / ・ 東京に来てから10 年が過ぎた。"
N3-vocab-0712,title_not_contiguous_in_raw_pdf_split,(を)過ごす,すごす,"Sống, trải qua","・ 大学を東京で過ごした。 / ・ 日曜日は家でテレビを見て過ごすことが多い。 / す / ね / す / ごす (Ngủ quên) / 合:+) 寝過 / (を)過 / ごす / Sống, trải qua / 酔っぱらって、降りる駅を寝過ごした。 / +) 乗り過ごす (Đi quá) / あ!乗り過ごしてしまった!"
N3-vocab-0713,title_not_contiguous_in_raw_pdf_split,(が)移る,うつる,"1. Di chuyển 2. Bị lây, lây sang","意味1 / こく / ばん / ・ 黒 / 板 / の字が見えにくかったので、前の席に移った。 / うつ / (が)移 / る / ・ 本社を大阪から東京に移した。 / うつ / えい / ぎょう / ぶ / (を)移 / す / ・ 来月から営 / 業 / 部 / に移ることになった。 / 意味2 / 1. Di chuyển / 2. Bị lây, lây sang / ・ かぜをひいた。たぶん、田中さんから移ったのだと思う。 / ・ 田中さんに"
N3-vocab-0714,title_not_contiguous_in_raw_pdf_split,(を)移す,うつす,1. Di chuyển 2. Làm lây sang,"意味1 / こく / ばん / ・ 黒 / 板 / の字が見えにくかったので、前の席に移った。 / うつ / (が)移 / る / ・ 本社を大阪から東京に移した。 / うつ / えい / ぎょう / ぶ / (を)移 / す / ・ 来月から営 / 業 / 部 / に移ることになった。 / 意味2 / 1. Di chuyển / 2. Bị lây, lây sang / ・ かぜをひいた。たぶん、田中さんから移ったのだと思う。 / ・ 田中さんに"
N3-vocab-0715,title_not_contiguous_in_raw_pdf_split,(を)連れる,つれる,Dẫn,いっかい / とうきょう / ・ 社長!一回 / 東京 / へ連れて行ってもらえませんか? / こいびと / つ / ・ あした娘が恋人 / を家に連れて来ることになって / (を)連 / れる / こ / づ / れ (Dẫn con theo) / 合:子連 / Dẫn / こ / づ / 子連 / れでいけるカフェとレストラン。
N3-vocab-0717,title_not_contiguous_in_raw_pdf_split,(を)寄せる,よせる,Di chuyển ~ về phía,よ / せる / (を)寄 / きゅう / きゅう / しゃ / とお / はし / ・ 救 / 急 / 車 / が通 / るときは、車を道の端 / に寄せなければならない。 / Di chuyển ~ về phía
N3-vocab-0718,title_not_contiguous_in_raw_pdf_split,(に・を)与える,あたえる,"1. Trao, cho, dành cho 2. Đem lại, gây ra","意味1 / せいせき / しょうがく / きん / ・ 成績 / のよい学生には奨学 / 金 / を与える。 / あた / (に・を)与 / える / ・ 犬にえさを与える。(≒ あげる − 会話) / 1. Trao, cho, / ・ (課題/時間/チャンス...)を与える。 / dành cho / 意味2 / 2. Đem lại, gây ra / ひがい / いんしょう / ・ (被害 / /〇〇な印象 / ...)を与える。 / "
N3-vocab-0719,title_not_contiguous_in_raw_pdf_split,(を)得る,える,"Thu được, có được","しゅう / にゅう / ・ ( 収 / 入 / /情報/ 知識 ...)を得る。 / え / (を)得 / る / きょ / か / ・ 仕事中は上司の許 / 可 / を得てからトイレに / Thu được, có được / 行ってください。"
N3-vocab-0720,title_not_contiguous_in_raw_pdf_split,(が)向く,むく,Hướng về 合:仕事 + 向いている:Phù hợp,・ 「こちらを向いてください」 / ・ 顔を左に向ける。 / む / ほう / こう / ほう / がく / む / (が)向 / く / 合:「方 / 向 / / 方 / 角 / 」+ 向 / き / よこ / がお / ・ 彼は左向きの横 / 顔 / が一番イケメンだ / む / (を)向 / ける / ・ 東向きの部屋探してるんですが...。 / Hướng về / 合:仕事 + 向いている:Phù hợp / よう / ち / えん / ・ 彼女は子どもが好きだから
N3-vocab-0723,title_not_contiguous_in_raw_pdf_split,薦める,すすめる,"1. Đề cử, gợi ý 2. Tiến cử","意味1 / ・ 先生にすすめられた本を買った。 / すす / 薦 / める / ・ 「おすすめはありますか?」 / 意味2 / 1. Đề cử, gợi ý / 2. Tiến cử / ぎ / ちょう / ・ A:「議 / 長 / はだれがいいですか?」 / すいせん / B:「山田さんを推薦 / します。」"
N3-vocab-0724,title_not_contiguous_in_raw_pdf_split,(を・に)任せる,まかせる,・ A:「結婚式 Giao phó,せきにん / ・ 責任 / の重い仕事を新人に任せてみた。 / まか / (を・に) 任 / せる / けっこんしき / し / かい / ・ A:「結婚式 / の司 / 会 / 、よろしくね!」 / Giao phó / B:「任せてください。」
N3-vocab-0725,title_not_contiguous_in_raw_pdf_split,(を)守る,まもる,1. Bảo vệ 2. Tuân thủ,意味1 / かんきょう / ・ 環境 / を守るために、ごみを減らそう! / きけん / ・ 子どもを危険 / から守る。 / まも / (を)守 / る / 意味2 / ・ 「順番(じゅんばん)を守って並んでください。」 / 1. Bảo vệ / ほうりつ / きそく / 2. Tuân thủ / ・ (法律 / /規則 / /ルール/約束 ...)を守る。 / いはん / やぶ / 対:違反 / する/破 / る
N3-vocab-0726,title_not_contiguous_in_raw_pdf_split,(を) 争う,あらそう,"1. Tranh cãi, tranh chấp, tranh giành 2. Cạnh tranh","あらそ / ふうふ / う / ・ あの夫婦 / はいつも小さなことで争っている。 / (を) 争 / やま / だ / せん / しゅ / たかはし / せんしゅ / ・ 山 / 田 / 選 / 手 / と高橋 / 選手 / がトップを争っている。 / 1. Tranh cãi, tranh chấp, / tranh giành / (≒ トップ争いをしている) / 2. Cạnh tranh"
N3-vocab-0727,title_not_contiguous_in_raw_pdf_split,(を)望む,のぞむ,"Hi vọng, kỳ vọng","・ あなたの未来が明るいものであるよう望んでいます。 / (≒ 願っています) / ・ 世界が平和になることを望んでいる。 / ・ 卒業後は、教師になることを望んでいる。 / きぼう / → 教師を希望 / している。 / のぞ / (を)望 / む / のぞ / 名:望 / み / Hi vọng, kỳ vọng / きぼう / 類:希望 / ・ 私の望みは子供が元気に育ってくれることだ。 / 蓮:望みがある >< 望み"
N3-vocab-0728,title_not_contiguous_in_raw_pdf_split,(を)信じる,しんじる,"1. Tin tưởng, tin vào 2. Tín","意味1 / ・ 「昨日、ゆうれいを見たよ」 / 「うそ!信じられない!」 / うたが / 対:疑 / う / しん / (を)信 / じる / どりょく / しんろ / ・ 努力 / すれば望んだ進路 / に進めると信じている。 / 1. Tin tưởng, tin vào / あず / ・ 友人を信じてお金を預 / けた。 / 2. Tín / 意味2 / ぶっ / きょう / かみさま / ・ 私は仏 / 教 / /神様 / を信じています。 / しゅうきょ"
N3-vocab-0729,title_not_contiguous_in_raw_pdf_split,(が)通じる,つうじる,"1. Hiểu 2. Dẫn đến, xuyên qua 3. Kết nối (điện thoại)","意味1 / ・ 日本に来たとき、私の日本語が通じるか(どうか) / しん / ぱい / 心 / 配 / だった。 / つう / (が)通 / じる / じょう / だん / ・ 山田さんには冗 / 談 / が通じない。 / 1. Hiểu / 意味2 / 2. Dẫn đến, xuyên qua / ちかどう / 3. Kết nối (điện thoại) / ・ この地下道 / は駅に通じている。 / 意味3 / ・ コンサートチケット申し"
N3-vocab-0730,title_not_contiguous_in_raw_pdf_split,(が)飽きる,あきる,Chán,・ 好きなものでも、毎日食べるとあきてしまう。 / ・ もうこのゲームにはあきた。 / あ / (が)飽 / きる / み / あ / きない (Xem mãi không chán) / 合:見飽 / Chán / 彼女の顔は見飽きない。
N3-vocab-0731,title_not_contiguous_in_raw_pdf_split,(を)思いつく,おもいつく,Nghĩ ra,・ (アイディア/考え/方法... )を思いつく。 / おも / (を)思 / いつく / ・ いい方法が思いつかない。 / Nghĩ ra / おも / 名:思 / いつき(N2)
N3-vocab-0733,title_not_contiguous_in_raw_pdf_split,(が) 熱中する,ねっちゅうする,"Mải mê, chăm chú","・ 兄はゲームに熱中して、ご飯も食べていない。 / ・ 母は今カラオケに熱中している。 / → はまっている(習慣)(N2) / ねっちゅう / (が) 熱中 / する / ちゅう / けい / ・ テレビのボクシング中 / 継 / に熱中して、つい大声を / Mải mê, chăm chú / 出してしまった。 / ねっ / ちゅう / しょう / :Say nắng, sốc nhiệt / 合:熱 / 中 / 症 / ・ 暑いの"
N3-vocab-0734,title_not_contiguous_in_raw_pdf_split,(を)暮らす,くらす,"Sống, sinh sống 合:N + 暮","きゅう / りょう / ・ この給 / 料 / では家族3人で暮らしていけない。 / と / かい / ・ 都 / 会 / で暮らすのは便利だが、お金がかかる。 / く / → 生活する(より具体的) / らす / (を)暮 / びん / ぼう / ・ 貧 / 乏 / でも楽しく暮らしている。 / Sống, sinh sống / ぐ / らし (Sinh, sinh sống) / 合:N + 暮 / 気楽な一人暮らし / 都会暮らし / いい暮らしを"
N3-vocab-0735,title_not_contiguous_in_raw_pdf_split,(を)巻く,まく,"Quấn, cuốn","ま / ・ コードを巻いて片付ける。 / (を)巻 / く / ほう / たい / ・ 腕に包 / 帯 / を巻く。 / Quấn, cuốn"
N3-vocab-0736,title_not_contiguous_in_raw_pdf_split,(を)結ぶ,むすぶ,"1. Buộc, thắt 2. Nối (chuyến) 3. Ký kết (hợp đồng)","・ くつひもを結ぶ。 / ・ おしゃれな結び方。 / むす / 対:ほどく / ぶ / (を)結 / ・ 妻にネクタイを結んでもらう。 / 1. Buộc, thắt / 2. Nối (chuyến) / → ネクタイをする/しめる / 3. Ký kết (hợp đồng) / なんびん / ・ 東京とニューヨークを結ぶ飛行機は、1日何便 / ですか。 / じょう / やく / けい / やく / ) / ・ ( 条 / 約 / /契"
N3-vocab-0737,title_not_contiguous_in_raw_pdf_split,(が)済む,すむ,"※~ないで済む:Không làm ~ cũng xong Xong, hoàn thành","・ 用事が済んだらすぐ行きます~。 / ・ この仕事を済ませたらすぐ帰ります。 / こう / ねつ / ひ / でん / き / だい / し / はら / ・ (光 / 熱 / 費 / ・電 / 気 / 代 / )の支 / 払 / いを済ませる。 / す / む / (が)済 / ※~ないで済む:Không làm ~ cũng xong / Xong, hoàn thành / だい / じょう / ぶ / (≒ ~しなくても大 / 丈 / 夫 / ) / す / あたた / ・ 今"
N3-vocab-0738,title_not_contiguous_in_raw_pdf_split,出来る,できる,"1. Xuất hiện, có 2. Có (phát sinh cái mới) 3. Giỏi, làm tốt 4. Được làm từ",意味1 / ・ 駅前に新しいスーパーができた。 / 意味2 / ・ (友だち/子ども/にきび... )ができた。 / もんだい / しょう / はっせい / する: Có (phát sinh vấn đề) / 関:問題 / +生 / じる、発生 / かいはつ / 開発 / の途中で、問題が生じた。(≒ 発生した) / で / き / 蓮:出来上がる:Hoàn thành (mất thời gian) / 出来 / る / りょ
N3-vocab-0739,title_not_contiguous_in_raw_pdf_split,(が)切れる,きれる,"1. Cắt được, sắc 2. Hết hạn, hết hiệu lực 3. Hết","意味1 / ほうちょう / ・ この包丁 / はよく切れる。 / き / (が)切 / れる / 意味2 / ていき / しょう / み / き / げん / ゆうこう / きげん / けいやく / めんきょ / 1. Cắt được, sắc / ・ (定期 / /賞 / 味 / 期 / 限 / /有効 / 期限 / /契約 / /免許 / ...)が切れる / 2. Hết hạn, hết / 意味3 / hiệu lực / でん / ち / でん / ち / 3. Hết / ・ 電 / 池"
N3-vocab-0740,title_not_contiguous_in_raw_pdf_split,(を)切らす,きらす,"Hết, cạn kiệt","き / (を)切 / らす / ・ うっかりしていて、(さとう/せっけん/トイレット / ペーパー...)を切らしちゃった。 / Hết, cạn kiệt"
N3-vocab-0741,title_not_contiguous_in_raw_pdf_split,(が)伝わる,つたわる,"Lưu truyền, truyền đạt","もとかれ / ・ 元彼 / が結婚するといううわさが伝わってきた。 / ・ 電話で用件を伝える。 / ちほう / ふ / し / ぎ / ・ この地方 / には昔から伝わる不 / 思 / 議 / な話がある。 / つた / ・ ふるさとの料理を若い人に伝える。 / (が)伝 / わる / つた / わる (Được truyền vào, du nhập) / 自:~が伝 / つた / (を)伝 / える / 漢字は中国から伝わってきた。 / Lưu "
N3-vocab-0742,title_not_contiguous_in_raw_pdf_split,(が)続く,つづく,"1. Liên tục, trải dài 2. Tiếp, tiếp theo 3. Liên tục","意味1 / ・ 雨の日が続く。 / すなはま / ・ 美しい砂浜 / が続いている。 / つづ / (が)続 / く / 意味2 / ・ (駅で) / 1. Liên tục, trải dài / 「前の人に続いてお乗りください。」 / 2. Tiếp, tiếp theo / 3. Liên tục / 意味3 / ・ 悪いことが続いて起こる。 / つづ / 名:続 / き / このマンガの続きが早く読みたい。"
N3-vocab-0743,title_not_contiguous_in_raw_pdf_split,(を)続ける,つづける,"1. (Kéo dài) liền, liên tục 2. Tiếp tục","意味1 / ・ もう3 時間も会議を続けている。(△) / つづ / → もう3時間も会議が続いている。(より自然) / (を)続 / ける / 意味2 / 1. (Kéo dài) liền, / ・ 「ベトナムへ帰っても日本語の勉強を続けて / liên tục / くださいね」。 / 2. Tiếp tục / ち / こく / ・ 3 回続けて遅 / 刻 / して、上司に怒られた。"
N3-vocab-0747,title_not_contiguous_in_raw_pdf_split,(が)伸びる,のびる,"1. Dài ra, dãn ra 2. Kéo dài, kéo dãn 3. Tăng lên","意味1 / せ / かみ / ・ (背 / /髪 / /ひげ...)が伸びる。 / しんちょう / ・ (髪/ひげ/身 / 長 / ...)を伸ばす。 / 意味2 / じゅんび / うんどう / ・ しっかり足を伸ばして準備 / 運動 / をしてくださいね。 / の / (が)伸 / びる / の / ばす (Kéo dài, làm phẳng) / 他:~を伸 / アイロンをかけてしわを伸ばす。 / の / (を)伸 / ばす / 意味3 / きろく / ・ (記"
N3-vocab-0748,title_not_contiguous_in_raw_pdf_split,(が)延びる,のびる,"自:~延びる (Tăng, kéo dài)","・ レポートのしめ切りが延びてよかった。 / き / こく / ひ / の / ・ チケットが取れなかったので、帰 / 国 / の日 / を延 / ばした。 / よてい / ・ 2 時間で終わる予定 / だった、会議が延びて3 時間になった。 / の / ・ 先生がテストの時間を10 分延ばしてくれた。 / (が)延 / びる / 自:~延びる (Tăng, kéo dài) / の / (を)延 / ばす / へいきん / じゅみょう / ・ 日"
N3-vocab-0749,title_not_contiguous_in_raw_pdf_split,(が)重なる,かさなる,Chồng lên,いんさつ / かみ / ・ 印刷 / したら、紙 / が2枚重なって出てきた。 / さら / ・ 皿 / は重ねて置いておいてください。 / かさ / かさ / (が)重 / なる / なる (Trùng nhau) / 自:~が重 / にちようび / しゅくじつ / ・ 日曜日 / と祝日 / が重なると、次の月曜日が休みになる。 / かさ / (を)重 / ねる / かさ / ねる (Chồng lên/ Nhiều - nhấn mạnh) / 
N3-vocab-0750,title_not_contiguous_in_raw_pdf_split,(が)広がる,ひろがる,1. Mở rộng 2. Lan rộng,意味1 / みちはば / ・ 道幅 / が広がって、歩きやすくなった。 / せば / 対:狭 / まる(N2) / ひろ / せんしゅ / さ / ・ 1 位と2 位の選手 / の差 / が広がっている。 / (が)広 / がる / さばく / しんりん / そうげん / えいえん / ・ (空/海/砂漠 / /森林 / /草原 / ...)が永遠 / に広がっている / 1. Mở rộng / ように見える。 / 2. Lan rộng / 意味2 / きょうふう
N3-vocab-0751,title_not_contiguous_in_raw_pdf_split,(を)広げる,ひろげる,Mở rộng,ふ / ・ お客さんが増 / えているので、もっと店を広げたい。 / → 大きくしたい / ひろ / げる / (を)広 / どうろ / せいりょく / し / や / ・ (道路 / /勢力 / /視野 / /スペース...)を広げる。 / Mở rộng / しんぶん / ・ 新聞 / を広げて読む。 / りょうて / はね / ・ (両手 / /羽 / /かさ/本...)を広げる。
N3-vocab-0752,title_not_contiguous_in_raw_pdf_split,(が)載る,のる,1. Chất lên 2. Đăng lên,意味1 / にもつ / の / ・ この荷物 / は大きすぎて、私の車には載らないだろう。 / る / (が)載 / ・ 電車のたなにのせた荷物を忘れた。 / の / せる / (を)載 / 意味2 / き / じ / ・ 新聞に、私の書いた記事 / が載った。 / 1. Chất lên / 2. Đăng lên / しゃしん / ・ フェイスブックに写真 / を載せる。(自)
N3-vocab-0757,title_not_contiguous_in_raw_pdf_split,(が)付く,つく,意味4:Đi kèm,"意味1:Bị dính, bị dây / ・ けがをしてシャツに血がついた。 / ・ 車にきずがついてしまった。 / 意味2:体力が付く:Có thể lực, có sức / ・ ウォーキングを毎日2時間するようにしたら体力が / ついてきた。 / 意味3:が身に付く: Trau dồi, học hỏi / ちしき / ・ 日本へ来ていろいろな知識 / が身についた。 / つ / (が)付 / く"
N3-vocab-0758,title_not_contiguous_in_raw_pdf_split,(を)付ける,つける,"1. Phết, đánh (vào) 2. Thêm, kèm","意味1 / ・ パンにジャムをつける。 / くちべに / ぬ / つ / ・ 口紅 / をつける。(△)→ 塗 / る / (を)付 / ける / 意味2 / 1. Phết, đánh (vào) / さいよう / じょうけん / ・ 採用 / のとき、いろいろと条件 / をつけられた。 / 2. Thêm, kèm / にっき / を付ける:Viết (nhật ký) / 蓮:日記 / ・ 毎晩、日記をつけている。"
N3-vocab-0759,title_not_contiguous_in_raw_pdf_split,(が)溜まる,たまる,"Đọng, dồn lại","た / (が)溜 / まる / ・ (水/ごみ/ストレス...)が溜まる。 / Đọng, dồn lại / しゅくだい / さいしゅうび / ・ 宿題 / を溜めてしまい、休みの最終日 / にまとめて / た / (を)溜 / める / 終わらせた。 / Dồn lại, tích lại, / để dành"
N3-vocab-0760,title_not_contiguous_in_raw_pdf_split,交じる,まじる,"Trộn, kết hợp A với B","(A がB に) / ま / おとな / こども / ・ 大人 / が子供 / に交じってサッカーをしている。 / 交 / じる / Trộn, kết hợp A với B"
N3-vocab-0763,title_not_contiguous_in_raw_pdf_split,(を)解く,とく,"Giải quyết, giải đáp","(が)とける / ・ 難しい問題は解けません。→ を解く(他) / 1. 解ける:Được giải / ぎもん / ・ 疑問 / が解けた。→ を解く / quyết, giải đáp / 2. 溶ける:Được hòa tan, / せんざい / ・ この洗剤 / は冷たい水には溶けにくい。 / tan ra / と / ・ 春になって雪が(溶けた・解けた)。 / (を)解 / く / Giải quyết, gi"
N3-vocab-0764,title_not_contiguous_in_raw_pdf_split,(を)溶かす,とかす,"Đánh tan, làm tan ra ※を解く/溶く/溶かす:Làm tan ra","※ 固いものを溶かす (Đi kèm với danh từ chỉ đồ vật thể rắn) / でんし / ・ 電子 / レンジでバターをとかす。 / と / (を)溶 / かす / ・ コーヒーにさとうを溶かす。 / Đánh tan, làm tan ra / ※を解く/溶く/溶かす:Làm tan ra / ・ 卵をといてフライパンに流す。"
N3-vocab-0765,title_not_contiguous_in_raw_pdf_split,(を)含む,ふくむ,"Chứa, bao gồm","・ レモンはビタミンC を多くふくんでいる。 / ふく / (を)含 / む / ねだん / しょうひぜい / ・ この値段 / には消費税 / がふくまれている。 / Chứa, bao gồm"
N3-vocab-0766,title_not_contiguous_in_raw_pdf_split,(を)含める,ふくめる,"Bao gồm, bao hàm","ふく / (を)含 / める / ・ 今日の昼ごはんは飲み物を含めると1000 円ぐらいだった。 / Bao gồm, bao hàm"
N3-vocab-0767,title_not_contiguous_in_raw_pdf_split,(が)抜ける,ぬける,"1. Rụng (tóc, lông) 2. Xì lốp 3. Mất (trang)/ Bị loại (ra khỏi đội)","かみ / け / ぬ / ・ 髪 / の毛 / が抜ける。 / ける / (が)抜 / くうき / ・ タイヤの空気 / が抜けた。 / 1. Rụng (tóc, lông) / しょるい / 2. Xì lốp / ・ この書類 / は3ページ目が抜けている。 / 3. Mất (trang)/ Bị loại / なかむら / せんしゅ / よわ / (ra khỏi đội) / ・ 中村 / 選手 / が抜けて、チームが弱 / くなった。"
N3-vocab-0768,title_not_contiguous_in_raw_pdf_split,(を)抜く,ぬく,"1. Nhổ ra 2. Lược bớt, bỏ 3. Vượt qua, bỏ xa","むしば / おや / し / ふ / ろ / せん / ・ (虫歯 / /親 / 知 / らず/お風呂 / の栓 / )を抜いた。 / ぬ / (を)抜 / く / ちから / ぬ / く:Thư giãn / 合:力 / を抜 / こきゅう / 両手を広げて、体の力を抜いて呼吸 / してください。 / 1. Nhổ ra / 2. Lược bớt, bỏ / ちょうしょく / けんこう / ・ 朝食 / を抜くと健康 / によくない。 / 3. Vượt qua, bỏ "
N3-vocab-0769,title_not_contiguous_in_raw_pdf_split,(が) 現れる,あらわれる,"1. Xuất hiện 2. Có (hiệu quả, tác dụng)","あらわ / はんにん / こうえん / たいほ / れる / (が) 現 / ・ 犯人 / は公園 / に現れたを逮捕 / された。 / くも / あいだ / 雲 / の間 / から月が現れた。 / 1. Xuất hiện / 2. Có (hiệu quả, / くすり / こうか / ・ 新しい薬 / の効果 / がはすぐに現れた。 / tác dụng)"
N3-vocab-0770,title_not_contiguous_in_raw_pdf_split,(を) 現す,あらわす,Xuất hiện,あらわ / す / (を) 現 / くも / き / ふじさん / すがた / ・ 雲 / が消 / えて、富士山 / が姿 / を現した。 / Xuất hiện
N3-vocab-0771,title_not_contiguous_in_raw_pdf_split,(が) 現れる,あらわれる,"Biểu lộ, biểu hiện","あらわ / (が) 現 / れる / かお / ごうかく / よろこ / ・ 彼の顔 / には合格 / した喜 / びが表れていた。 / Biểu lộ, biểu hiện"
N3-vocab-0772,title_not_contiguous_in_raw_pdf_split,(を) 表す,あらわす,1. Thể hiện 2. Biểu thị,あらわ / かんじょう / ことば / え / たいど / (を) 表 / す / ・ 感情 / を(言葉 / /絵 / /態度 / ...)に表す。 / 1. Thể hiện / ゆうびんきょく / ・ 「〒」のマークは郵便局 / を表している。 / 2. Biểu thị
N3-vocab-0773,title_not_contiguous_in_raw_pdf_split,(が)散る,ちる,"合:飛び散る (Bay, bắn khắp nơi) Rơi, rụng","・ 昨日の雨で桜が散ってしまった。 / ち / (が)散 / る / ・ (変更)部屋を散らかす。 / ち / (を)散 / らす / 合:飛び散る (Bay, bắn khắp nơi) / Rơi, rụng / インクが飛び散る。"
N3-vocab-0774,title_not_contiguous_in_raw_pdf_split,(が)明ける,あける,・ 年明け:Cuối năm,"・ 夜明け:Sáng sớm / あ / ・ 年明け:Cuối năm / (が)明 / ける / ・ 週明け:Thứ 2 / Cuối, sau / ・ 出張明け:Đi công tác về"
N3-vocab-0775,title_not_contiguous_in_raw_pdf_split,(が・を)差す,さす,・ かさをさす。→ Che ô Chiếu sáng,ひ / ざ / ・ 雨がやんで、日が差してきた。→ 日差 / し / さ / (が・を)差 / す / ・ かさをさす。→ Che ô / Chiếu sáng / めぐすり / にがて / ・ 目薬 / だ。→ Nhỏ thuốc mắt / をさすのが苦手
N3-vocab-0815,title_not_contiguous_in_raw_pdf_split,(が)炊ける,たける,"Được nấu/ Nấu (cơm, cháo)","た / (が)炊 / ける / ・ ご飯(が)炊けたよ~。 / た / (を)炊 / く / ・ ご飯、炊いておいて~。 / Được nấu/ Nấu / (cơm, cháo)"
N3-vocab-0816,title_not_contiguous_in_raw_pdf_split,(が)煮える,にえる,"Nấu, ninh","に / (が)煮 / える / ・ 「よく煮えてますね~。いい感じ!!」 / に / ・ 「やわらかくなるまでよく煮てくださいね。」 / (を)煮 / る / Nấu, ninh"
N3-vocab-0817,title_not_contiguous_in_raw_pdf_split,(を)炒める,いためる,Xào,いた / (を)炒 / める / あぶら / ・ フライパンに油 / をひいて、肉と野菜をいためる。 / Xào
N3-vocab-0818,title_not_contiguous_in_raw_pdf_split,(が)焼ける,やける,"Chín, làm chín","・ 「この肉、まだ焼けてないから、もう少し / や / (が)焼 / ける / 焼いたほうがいいよ。」 / や / く(Nướng) / 他:を焼 / や / (を)焼 / く / ・ トースターでパンを焼く。 / Chín, làm chín / すみび / ・ 炭火 / で(肉/魚)を焼く。"
N3-vocab-0820,title_not_contiguous_in_raw_pdf_split,(を)揚げる,あげる,"Rán, chiên (ngập dầu)","あ / はるま / (を)揚 / げる / ・ 春巻 / きは180°Cの油であげる。 / Rán, chiên (ngập dầu)"
N3-vocab-0821,title_not_contiguous_in_raw_pdf_split,(を)蒸す,むす,Hấp,・ 魚を蒸す。 / む / (を)蒸 / す / ・ 蒸し暑い / Hấp
N3-vocab-0828,title_not_contiguous_in_raw_pdf_split,別々に,べつべつに,"Riêng, riêng biệt","べつべつ / に / 別々 / しょうらい / しんろ / ・ 3人は将来 / のために別々の進路 / を選んだ。 / Riêng, riêng biệt"
N3-vocab-0846,title_not_contiguous_in_raw_pdf_split,一体(何),いったい,Rốt cuộc là,・ あの人はいったい何をしているのだろう。 / いったい / 一体 / (何) / ・ あなたはいったい何が言いたいのですか。 / Rốt cuộc là / ・ 困った。いったいどうしたらいい(の・ん)だろう。
